,columns
0,Gender_F
1,MSI_SCORE
2,LogSNV_Mb
3,LogINDEL_Mb
4,ABL1
5,AKT1
6,AKT2
7,AKT3
8,ALK
9,ALOX12B
10,APC
11,AR
12,ARAF
13,ARID1A
14,ARID1B
15,ARID2
16,ARID5B
17,ASXL1
18,ASXL2
19,ATM
20,ATR
21,ATRX
22,AURKA
23,AURKB
24,AXIN1
25,AXIN2
26,AXL
27,B2M
28,BAP1
29,BARD1
30,BBC3
31,BCL2
32,BCL2L1
33,BCL2L11
34,BCL6
35,BCOR
36,BLM
37,BMPR1A
38,BRAF
39,BRCA1
40,BRCA2
41,BRD4
42,BRIP1
43,BTK
44,CARD11
45,CASP8
46,CBFB
47,CBL
48,CCND1
49,CCND2
50,CCND3
51,CCNE1
52,CD274
53,CD276
54,CD79B
55,CDC73
56,CDH1
57,CDK12
58,CDK4
59,CDK6
60,CDK8
61,CDKN1A
62,CDKN1B
63,CDKN2A
64,CDKN2B
65,CDKN2C
66,CHEK1
67,CHEK2
68,CIC
69,CREBBP
70,CRKL
71,CRLF2
72,CSF1R
73,CTCF
74,CTLA4
75,CTNNB1
76,CUL3
77,DAXX
78,DCUN1D1
79,DDR2
80,DICER1
81,DIS3
82,DNMT1
83,DNMT3A
84,DNMT3B
85,DOT1L
86,E2F3
87,EED
88,EGFL7
89,EGFR
90,EIF1AX
91,EP300
92,EPCAM
93,EPHA3
94,EPHA5
95,EPHB1
96,ERBB2
97,ERBB3
98,ERBB4
99,ERCC2
100,ERCC3
101,ERCC4
102,ERCC5
103,ERG
104,ESR1
105,ETV1
106,ETV6
107,EZH2
108,FAM123B
109,FAM175A
110,FAM46C
111,FANCA
112,FANCC
113,FAT1
114,FBXW7
115,FGF19
116,FGF3
117,FGF4
118,FGFR1
119,FGFR2
120,FGFR3
121,FGFR4
122,FH
123,FLCN
124,FLT1
125,FLT3
126,FLT4
127,FOXA1
128,FOXL2
129,FOXP1
130,FUBP1
131,GATA1
132,GATA2
133,GATA3
134,GNA11
135,GNAQ
136,GNAS
137,GREM1
138,GRIN2A
139,GSK3B
140,H3F3C
141,HGF
142,HIST1H1C
143,HIST1H2BD
144,HIST1H3B
145,HNF1A
146,HRAS
147,ICOSLG
148,IDH1
149,IDH2
150,IFNGR1
151,IGF1
152,IGF1R
153,IGF2
154,IKBKE
155,IKZF1
156,IL10
157,IL7R
158,INPP4A
159,INPP4B
160,INSR
161,IRF4
162,IRS1
163,IRS2
164,JAK1
165,JAK2
166,JAK3
167,JUN
168,KDM5A
169,KDM5C
170,KDM6A
171,KDR
172,KEAP1
173,KIT
174,KLF4
175,KMT2A
176,KMT2C
177,KMT2D
178,KRAS
179,LATS1
180,LATS2
181,LMO1
182,MAP2K1
183,MAP2K2
184,MAP2K4
185,MAP3K1
186,MAP3K13
187,MAPK1
188,MAX
189,MCL1
190,MDC1
191,MDM2
192,MDM4
193,MED12
194,MEF2B
195,MEN1
196,MET
197,MITF
198,MLH1
199,MPL
200,MRE11A
201,MSH2
202,MSH6
203,MTOR
204,MUTYH
205,MYC
206,MYCL1
207,MYCN
208,MYD88
209,MYOD1
210,NBN
211,NCOR1
212,NF1
213,NF2
214,NFE2L2
215,NKX2-1
216,NKX3-1
217,NOTCH1
218,NOTCH2
219,NOTCH3
220,NOTCH4
221,NPM1
222,NRAS
223,NSD1
224,NTRK1
225,NTRK2
226,NTRK3
227,PAK1
228,PAK7
229,PALB2
230,PARK2
231,PARP1
232,PAX5
233,PBRM1
234,PDCD1
235,PDGFRA
236,PDGFRB
237,PDPK1
238,PHOX2B
239,PIK3C2G
240,PIK3C3
241,PIK3CA
242,PIK3CB
243,PIK3CD
244,PIK3CG
245,PIK3R1
246,PIK3R2
247,PIK3R3
248,PIM1
249,PLK2
250,PMAIP1
251,PMS1
252,PMS2
253,PNRC1
254,POLE
255,PPP2R1A
256,PRDM1
257,PRKAR1A
258,PTCH1
259,PTEN
260,PTPN11
261,PTPRD
262,PTPRS
263,PTPRT
264,RAC1
265,RAD50
266,RAD51
267,RAD51C
268,RAD51L1
269,RAD51L3
270,RAD52
271,RAD54L
272,RAF1
273,RARA
274,RASA1
275,RB1
276,RBM10
277,RECQL4
278,REL
279,RET
280,RFWD2
281,RHOA
282,RICTOR
283,RIT1
284,RNF43
285,ROS1
286,RPS6KA4
287,RPS6KB2
288,RPTOR
289,RUNX1
290,RYBP
291,SDHA
292,SDHAF2
293,SDHB
294,SDHC
295,SDHD
296,SETD2
297,SF3B1
298,SH2D1A
299,SHQ1
300,SMAD2
301,SMAD3
302,SMAD4
303,SMARCA4
304,SMARCB1
305,SMARCD1
306,SMO
307,SOCS1
308,SOX17
309,SOX2
310,SOX9
311,SPEN
312,SPOP
313,SRC
314,STAG2
315,STK11
316,STK40
317,SUFU
318,SUZ12
319,SYK
320,TBX3
321,TERT
322,TERTp
323,TET1
324,TET2
325,TGFBR1
326,TGFBR2
327,TMEM127
328,TMPRSS2
329,TNFAIP3
330,TNFRSF14
331,TOP1
332,TP53
333,TP63
334,TRAF7
335,TSC1
336,TSC2
337,TSHR
338,U2AF1
339,VHL
340,VTCN1
341,WT1
342,XIAP
343,XPO1
344,YAP1
345,YES1
346,ABL1_TRUNC
347,AKT1_TRUNC
348,AKT2_TRUNC
349,AKT3_TRUNC
350,ALK_TRUNC
351,ALOX12B_TRUNC
352,APC_TRUNC
353,AR_TRUNC
354,ARAF_TRUNC
355,ARID1A_TRUNC
356,ARID1B_TRUNC
357,ARID2_TRUNC
358,ARID5B_TRUNC
359,ASXL1_TRUNC
360,ASXL2_TRUNC
361,ATM_TRUNC
362,ATR_TRUNC
363,ATRX_TRUNC
364,AURKA_TRUNC
365,AURKB_TRUNC
366,AXIN1_TRUNC
367,AXIN2_TRUNC
368,AXL_TRUNC
369,B2M_TRUNC
370,BAP1_TRUNC
371,BARD1_TRUNC
372,BBC3_TRUNC
373,BCL2_TRUNC
374,BCL2L1_TRUNC
375,BCL2L11_TRUNC
376,BCL6_TRUNC
377,BCOR_TRUNC
378,BLM_TRUNC
379,BMPR1A_TRUNC
380,BRAF_TRUNC
381,BRCA1_TRUNC
382,BRCA2_TRUNC
383,BRD4_TRUNC
384,BRIP1_TRUNC
385,BTK_TRUNC
386,CARD11_TRUNC
387,CASP8_TRUNC
388,CBFB_TRUNC
389,CBL_TRUNC
390,CCND1_TRUNC
391,CCND2_TRUNC
392,CCND3_TRUNC
393,CCNE1_TRUNC
394,CD274_TRUNC
395,CD276_TRUNC
396,CD79B_TRUNC
397,CDC73_TRUNC
398,CDH1_TRUNC
399,CDK12_TRUNC
400,CDK4_TRUNC
401,CDK6_TRUNC
402,CDK8_TRUNC
403,CDKN1A_TRUNC
404,CDKN1B_TRUNC
405,CDKN2A_TRUNC
406,CDKN2B_TRUNC
407,CDKN2C_TRUNC
408,CHEK1_TRUNC
409,CHEK2_TRUNC
410,CIC_TRUNC
411,CREBBP_TRUNC
412,CRKL_TRUNC
413,CRLF2_TRUNC
414,CSF1R_TRUNC
415,CTCF_TRUNC
416,CTLA4_TRUNC
417,CTNNB1_TRUNC
418,CUL3_TRUNC
419,DAXX_TRUNC
420,DCUN1D1_TRUNC
421,DDR2_TRUNC
422,DICER1_TRUNC
423,DIS3_TRUNC
424,DNMT1_TRUNC
425,DNMT3A_TRUNC
426,DNMT3B_TRUNC
427,DOT1L_TRUNC
428,E2F3_TRUNC
429,EED_TRUNC
430,EGFL7_TRUNC
431,EGFR_TRUNC
432,EIF1AX_TRUNC
433,EP300_TRUNC
434,EPCAM_TRUNC
435,EPHA3_TRUNC
436,EPHA5_TRUNC
437,EPHB1_TRUNC
438,ERBB2_TRUNC
439,ERBB3_TRUNC
440,ERBB4_TRUNC
441,ERCC2_TRUNC
442,ERCC3_TRUNC
443,ERCC4_TRUNC
444,ERCC5_TRUNC
445,ERG_TRUNC
446,ESR1_TRUNC
447,ETV1_TRUNC
448,ETV6_TRUNC
449,EZH2_TRUNC
450,FAM123B_TRUNC
451,FAM175A_TRUNC
452,FAM46C_TRUNC
453,FANCA_TRUNC
454,FANCC_TRUNC
455,FAT1_TRUNC
456,FBXW7_TRUNC
457,FGF19_TRUNC
458,FGF3_TRUNC
459,FGF4_TRUNC
460,FGFR1_TRUNC
461,FGFR2_TRUNC
462,FGFR3_TRUNC
463,FGFR4_TRUNC
464,FH_TRUNC
465,FLCN_TRUNC
466,FLT1_TRUNC
467,FLT3_TRUNC
468,FLT4_TRUNC
469,FOXA1_TRUNC
470,FOXL2_TRUNC
471,FOXP1_TRUNC
472,FUBP1_TRUNC
473,GATA1_TRUNC
474,GATA2_TRUNC
475,GATA3_TRUNC
476,GNA11_TRUNC
477,GNAQ_TRUNC
478,GNAS_TRUNC
479,GREM1_TRUNC
480,GRIN2A_TRUNC
481,GSK3B_TRUNC
482,H3F3C_TRUNC
483,HGF_TRUNC
484,HIST1H1C_TRUNC
485,HIST1H2BD_TRUNC
486,HIST1H3B_TRUNC
487,HNF1A_TRUNC
488,HRAS_TRUNC
489,ICOSLG_TRUNC
490,IDH1_TRUNC
491,IDH2_TRUNC
492,IFNGR1_TRUNC
493,IGF1_TRUNC
494,IGF1R_TRUNC
495,IGF2_TRUNC
496,IKBKE_TRUNC
497,IKZF1_TRUNC
498,IL10_TRUNC
499,IL7R_TRUNC
500,INPP4A_TRUNC
501,INPP4B_TRUNC
502,INSR_TRUNC
503,IRF4_TRUNC
504,IRS1_TRUNC
505,IRS2_TRUNC
506,JAK1_TRUNC
507,JAK2_TRUNC
508,JAK3_TRUNC
509,JUN_TRUNC
510,KDM5A_TRUNC
511,KDM5C_TRUNC
512,KDM6A_TRUNC
513,KDR_TRUNC
514,KEAP1_TRUNC
515,KIT_TRUNC
516,KLF4_TRUNC
517,KMT2A_TRUNC
518,KMT2C_TRUNC
519,KMT2D_TRUNC
520,KRAS_TRUNC
521,LATS1_TRUNC
522,LATS2_TRUNC
523,LMO1_TRUNC
524,MAP2K1_TRUNC
525,MAP2K2_TRUNC
526,MAP2K4_TRUNC
527,MAP3K1_TRUNC
528,MAP3K13_TRUNC
529,MAPK1_TRUNC
530,MAX_TRUNC
531,MCL1_TRUNC
532,MDC1_TRUNC
533,MDM2_TRUNC
534,MDM4_TRUNC
535,MED12_TRUNC
536,MEF2B_TRUNC
537,MEN1_TRUNC
538,MET_TRUNC
539,MITF_TRUNC
540,MLH1_TRUNC
541,MPL_TRUNC
542,MRE11A_TRUNC
543,MSH2_TRUNC
544,MSH6_TRUNC
545,MTOR_TRUNC
546,MUTYH_TRUNC
547,MYC_TRUNC
548,MYCL1_TRUNC
549,MYCN_TRUNC
550,MYD88_TRUNC
551,MYOD1_TRUNC
552,NBN_TRUNC
553,NCOR1_TRUNC
554,NF1_TRUNC
555,NF2_TRUNC
556,NFE2L2_TRUNC
557,NKX2-1_TRUNC
558,NKX3-1_TRUNC
559,NOTCH1_TRUNC
560,NOTCH2_TRUNC
561,NOTCH3_TRUNC
562,NOTCH4_TRUNC
563,NPM1_TRUNC
564,NRAS_TRUNC
565,NSD1_TRUNC
566,NTRK1_TRUNC
567,NTRK2_TRUNC
568,NTRK3_TRUNC
569,PAK1_TRUNC
570,PAK7_TRUNC
571,PALB2_TRUNC
572,PARK2_TRUNC
573,PARP1_TRUNC
574,PAX5_TRUNC
575,PBRM1_TRUNC
576,PDCD1_TRUNC
577,PDGFRA_TRUNC
578,PDGFRB_TRUNC
579,PDPK1_TRUNC
580,PHOX2B_TRUNC
581,PIK3C2G_TRUNC
582,PIK3C3_TRUNC
583,PIK3CA_TRUNC
584,PIK3CB_TRUNC
585,PIK3CD_TRUNC
586,PIK3CG_TRUNC
587,PIK3R1_TRUNC
588,PIK3R2_TRUNC
589,PIK3R3_TRUNC
590,PIM1_TRUNC
591,PLK2_TRUNC
592,PMAIP1_TRUNC
593,PMS1_TRUNC
594,PMS2_TRUNC
595,PNRC1_TRUNC
596,POLE_TRUNC
597,PPP2R1A_TRUNC
598,PRDM1_TRUNC
599,PRKAR1A_TRUNC
600,PTCH1_TRUNC
601,PTEN_TRUNC
602,PTPN11_TRUNC
603,PTPRD_TRUNC
604,PTPRS_TRUNC
605,PTPRT_TRUNC
606,RAC1_TRUNC
607,RAD50_TRUNC
608,RAD51_TRUNC
609,RAD51C_TRUNC
610,RAD51L1_TRUNC
611,RAD51L3_TRUNC
612,RAD52_TRUNC
613,RAD54L_TRUNC
614,RAF1_TRUNC
615,RARA_TRUNC
616,RASA1_TRUNC
617,RB1_TRUNC
618,RBM10_TRUNC
619,RECQL4_TRUNC
620,REL_TRUNC
621,RET_TRUNC
622,RFWD2_TRUNC
623,RHOA_TRUNC
624,RICTOR_TRUNC
625,RIT1_TRUNC
626,RNF43_TRUNC
627,ROS1_TRUNC
628,RPS6KA4_TRUNC
629,RPS6KB2_TRUNC
630,RPTOR_TRUNC
631,RUNX1_TRUNC
632,RYBP_TRUNC
633,SDHA_TRUNC
634,SDHAF2_TRUNC
635,SDHB_TRUNC
636,SDHC_TRUNC
637,SDHD_TRUNC
638,SETD2_TRUNC
639,SF3B1_TRUNC
640,SH2D1A_TRUNC
641,SHQ1_TRUNC
642,SMAD2_TRUNC
643,SMAD3_TRUNC
644,SMAD4_TRUNC
645,SMARCA4_TRUNC
646,SMARCB1_TRUNC
647,SMARCD1_TRUNC
648,SMO_TRUNC
649,SOCS1_TRUNC
650,SOX17_TRUNC
651,SOX2_TRUNC
652,SOX9_TRUNC
653,SPEN_TRUNC
654,SPOP_TRUNC
655,SRC_TRUNC
656,STAG2_TRUNC
657,STK11_TRUNC
658,STK40_TRUNC
659,SUFU_TRUNC
660,SUZ12_TRUNC
661,SYK_TRUNC
662,TBX3_TRUNC
663,TERT_TRUNC
664,TET1_TRUNC
665,TET2_TRUNC
666,TGFBR1_TRUNC
667,TGFBR2_TRUNC
668,TMEM127_TRUNC
669,TMPRSS2_TRUNC
670,TNFAIP3_TRUNC
671,TNFRSF14_TRUNC
672,TOP1_TRUNC
673,TP53_TRUNC
674,TP63_TRUNC
675,TRAF7_TRUNC
676,TSC1_TRUNC
677,TSC2_TRUNC
678,TSHR_TRUNC
679,U2AF1_TRUNC
680,VHL_TRUNC
681,VTCN1_TRUNC
682,WT1_TRUNC
683,XIAP_TRUNC
684,XPO1_TRUNC
685,YAP1_TRUNC
686,YES1_TRUNC
687,AKT1_hotspot
688,AKT2_hotspot
689,AKT3_hotspot
690,ALK_hotspot
691,APC_hotspot
692,AR_hotspot
693,ARAF_hotspot
694,ARID1A_hotspot
695,ARID1B_hotspot
696,ARID2_hotspot
697,ASXL2_hotspot
698,ATM_hotspot
699,ATRX_hotspot
700,AXIN1_hotspot
701,AXL_hotspot
702,B2M_hotspot
703,BAP1_hotspot
704,BCL2_hotspot
705,BCL2L11_hotspot
706,BCL6_hotspot
707,BCOR_hotspot
708,BRAF_hotspot
709,BRCA2_hotspot
710,CARD11_hotspot
711,CASP8_hotspot
712,CBFB_hotspot
713,CBL_hotspot
714,CCND1_hotspot
715,CCND3_hotspot
716,CD79B_hotspot
717,CDH1_hotspot
718,CDK12_hotspot
719,CDK4_hotspot
720,CDK6_hotspot
721,CDK8_hotspot
722,CDKN1B_hotspot
723,CDKN2A_hotspot
724,CDKN2C_hotspot
725,CHEK2_hotspot
726,CIC_hotspot
727,CREBBP_hotspot
728,CRLF2_hotspot
729,CTCF_hotspot
730,CTLA4_hotspot
731,CTNNB1_hotspot
732,CUL3_hotspot
733,DAXX_hotspot
734,DICER1_hotspot
735,DIS3_hotspot
736,DNMT1_hotspot
737,DNMT3A_hotspot
738,DNMT3B_hotspot
739,DOT1L_hotspot
740,EGFR_hotspot
741,EIF1AX_hotspot
742,EP300_hotspot
743,EPHA3_hotspot
744,EPHB1_hotspot
745,ERBB2_hotspot
746,ERBB3_hotspot
747,ERBB4_hotspot
748,ERCC2_hotspot
749,ESR1_hotspot
750,ETV6_hotspot
751,EZH2_hotspot
752,FAT1_hotspot
753,FBXW7_hotspot
754,FGFR1_hotspot
755,FGFR2_hotspot
756,FGFR3_hotspot
757,FGFR4_hotspot
758,FH_hotspot
759,FLT1_hotspot
760,FOXA1_hotspot
761,FOXL2_hotspot
762,FOXP1_hotspot
763,FUBP1_hotspot
764,GATA1_hotspot
765,GATA2_hotspot
766,GATA3_hotspot
767,GNA11_hotspot
768,GNAQ_hotspot
769,GNAS_hotspot
770,GSK3B_hotspot
771,HGF_hotspot
772,HIST1H1C_hotspot
773,HIST1H2BD_hotspot
774,HIST1H3B_hotspot
775,HNF1A_hotspot
776,HRAS_hotspot
777,IDH1_hotspot
778,IDH2_hotspot
779,IKZF1_hotspot
780,IL7R_hotspot
781,INPP4A_hotspot
782,IRF4_hotspot
783,JAK1_hotspot
784,JUN_hotspot
785,KDM5C_hotspot
786,KDM6A_hotspot
787,KDR_hotspot
788,KEAP1_hotspot
789,KIT_hotspot
790,KLF4_hotspot
791,KMT2A_hotspot
792,KMT2C_hotspot
793,KMT2D_hotspot
794,KRAS_hotspot
795,LATS2_hotspot
796,MAP2K1_hotspot
797,MAP2K2_hotspot
798,MAP2K4_hotspot
799,MAP3K1_hotspot
800,MAPK1_hotspot
801,MAX_hotspot
802,MDC1_hotspot
803,MED12_hotspot
804,MET_hotspot
805,MSH2_hotspot
806,MTOR_hotspot
807,MYC_hotspot
808,MYCN_hotspot
809,MYD88_hotspot
810,MYOD1_hotspot
811,NF1_hotspot
812,NFE2L2_hotspot
813,NOTCH1_hotspot
814,NOTCH2_hotspot
815,NRAS_hotspot
816,NSD1_hotspot
817,PAK7_hotspot
818,PARP1_hotspot
819,PAX5_hotspot
820,PBRM1_hotspot
821,PDGFRA_hotspot
822,PDPK1_hotspot
823,PIK3CA_hotspot
824,PIK3CB_hotspot
825,PIK3CD_hotspot
826,PIK3R1_hotspot
827,PIK3R2_hotspot
828,PLK2_hotspot
829,POLE_hotspot
830,PPP2R1A_hotspot
831,PTEN_hotspot
832,PTPN11_hotspot
833,PTPRD_hotspot
834,PTPRS_hotspot
835,PTPRT_hotspot
836,RAC1_hotspot
837,RAD50_hotspot
838,RAD51C_hotspot
839,RAD52_hotspot
840,RAF1_hotspot
841,RB1_hotspot
842,RBM10_hotspot
843,RET_hotspot
844,RHOA_hotspot
845,RICTOR_hotspot
846,RIT1_hotspot
847,RNF43_hotspot
848,RPS6KA4_hotspot
849,RPTOR_hotspot
850,RUNX1_hotspot
851,SDHA_hotspot
852,SDHAF2_hotspot
853,SETD2_hotspot
854,SF3B1_hotspot
855,SMAD2_hotspot
856,SMAD3_hotspot
857,SMAD4_hotspot
858,SMARCA4_hotspot
859,SMARCB1_hotspot
860,SMARCD1_hotspot
861,SMO_hotspot
862,SOX17_hotspot
863,SOX9_hotspot
864,SPOP_hotspot
865,STAG2_hotspot
866,STK11_hotspot
867,SYK_hotspot
868,TBX3_hotspot
869,TET1_hotspot
870,TET2_hotspot
871,TGFBR1_hotspot
872,TGFBR2_hotspot
873,TNFRSF14_hotspot
874,TP53_hotspot
875,TP63_hotspot
876,TRAF7_hotspot
877,TSC1_hotspot
878,U2AF1_hotspot
879,VHL_hotspot
880,XPO1_hotspot
881,AKT1.D323G
882,AKT1.D323N
883,AKT1.D323Y
884,AKT1.E17*
885,AKT1.E17K
886,AKT1.L52H
887,AKT1.L52R
888,AKT1.P68_C77dup
889,AKT1.Q79K
890,AKT1.T65_I75dup
891,AKT2.C60_I75dup
892,AKT2.L78_Q79insHANTFVIRCL
893,AKT2.R67_L78dup
894,AKT2.R76_I84dup
895,AKT3.E17*
896,AKT3.E17K
897,ALK.F1174L
898,ALK.F1174V
899,ALK.F1245I
900,ALK.F1245V
901,ALK.R1275*
902,ALK.R1275L
903,ALK.R1275Q
904,ALK.R395H
905,ALK.R401*
906,ALK.R401Q
907,APC.E1353*
908,APC.E1379*
909,APC.E1397*
910,APC.E1408*
911,APC.Q1294*
912,APC.Q1303*
913,APC.Q1328*
914,APC.Q1338*
915,APC.Q1367*
916,APC.Q1367E
917,APC.Q1378*
918,APC.Q1406*
919,APC.Q1429*
920,APC.R213*
921,APC.S1315*
922,APC.Y935*
923,ARAF.P216L
924,ARAF.P216R
925,ARAF.S214C
926,ARAF.S214F
927,ARAF.S214P
928,ARAF.S214Y
929,ARID1A.G2087E
930,ARID1A.G2087R
931,ARID1A.Q1142*
932,ARID1A.R1276*
933,ARID1A.R1335*
934,ARID1A.R1461*
935,ARID1A.R1721*
936,ARID1A.R1722*
937,ARID1A.R1989*
938,ARID1A.R1989Q
939,ARID1A.R2158*
940,ARID1A.R2158Q
941,ARID1A.R693*
942,ARID1A.X911_splice
943,ARID1B.Q1179*
944,ARID1B.Q1179P
945,ARID1B.T1652M
946,ARID2.R314C
947,ARID2.S297F
948,AR.H875Y
949,AR.L702H
950,AR.T878A
951,AR.T878S
952,AR.W742C
953,AR.W742L
954,ASXL2.E330K
955,ASXL2.R357*
956,ATM.I2888L
957,ATM.I2888T
958,ATM.L2890P
959,ATM.L2890V
960,ATM.N2875S
961,ATM.R1466*
962,ATM.R1466P
963,ATM.R1466Q
964,ATM.R250*
965,ATM.R2832C
966,ATM.R3008C
967,ATM.R3008H
968,ATM.R3008L
969,ATM.R337C
970,ATM.R337H
971,ATRX.R1426*
972,ATRX.R907*
973,ATRX.X199_splice
974,AXIN1.A804T
975,AXL.A273P
976,AXL.A273V
977,B2M.L12P
978,B2M.L7*
979,B2M.X23_splice
980,BAP1.E31del
981,BAP1.K25_D34delinsN
982,BAP1.K25_Q28del
983,BCL2L11.G156*
984,BCL2L11.G156R
985,BCL2.K22*
986,BCL6.R594G
987,BCL6.R594Q
988,BCL6.R618C
989,BCL6.R618H
990,BCOR.N1459S
991,BRAF.D594E
992,BRAF.D594G
993,BRAF.D594H
994,BRAF.D594N
995,BRAF.D594V
996,BRAF.D594Y
997,BRAF.F595L
998,BRAF.G464V
999,BRAF.G466A
1000,BRAF.G466E
1001,BRAF.G466V
1002,BRAF.G469A
1003,BRAF.G469E
1004,BRAF.G469R
1005,BRAF.G469S
1006,BRAF.G469V
1007,BRAF.G596C
1008,BRAF.G596R
1009,BRAF.G596S
1010,BRAF.G596V
1011,BRAF.I592_A598dup
1012,BRAF.K601E
1013,BRAF.K601N
1014,BRAF.L485F
1015,BRAF.L485W
1016,BRAF.L505H
1017,BRAF.L597Q
1018,BRAF.L597R
1019,BRAF.L597S
1020,BRAF.L597V
1021,BRAF.N486_A489delinsK
1022,BRAF.N486_P490del
1023,BRAF.N581D
1024,BRAF.N581H
1025,BRAF.N581I
1026,BRAF.N581S
1027,BRAF.N581T
1028,BRAF.N581Y
1029,BRAF.S467L
1030,BRAF.T599dup
1031,BRAF.V600E
1032,BRAF.V600K
1033,BRAF.V600R
1034,BRAF.V600_K601delinsE
1035,BRAF.W604L
1036,BRAF.X327_splice
1037,BRCA2.S2303F
1038,CARD11.E626*
1039,CARD11.E626Q
1040,CARD11.E93K
1041,CARD11.R337*
1042,CARD11.R337Q
1043,CARD11.R423Q
1044,CARD11.R423W
1045,CASP8.R127*
1046,CASP8.R127Q
1047,CASP8.R292Q
1048,CASP8.R292W
1049,CASP8.R491*
1050,CASP8.R491Q
1051,CASP8.R494*
1052,CASP8.X243_splice
1053,CBFB.W73*
1054,CBL.C384R
1055,CBL.E276K
1056,CBL.F418I
1057,CBL.P417H
1058,CBL.P417L
1059,CBL.R420G
1060,CCND1.E9D
1061,CCND1.E9K
1062,CCND1.P287A
1063,CCND1.P287L
1064,CCND1.P287R
1065,CCND1.P287S
1066,CCND1.P287T
1067,CCND1.S41L
1068,CCND1.T286A
1069,CCND1.T286I
1070,CCND3.Q276*
1071,CD79B.X185_splice
1072,CD79B.Y197D
1073,CDH1.D254E
1074,CDH1.D254N
1075,CDH1.D254Y
1076,CDH1.D257G
1077,CDH1.D288N
1078,CDH1.D291N
1079,CDH1.Q23*
1080,CDH1.R224H
1081,CDH1.R335*
1082,CDH1.R335Q
1083,CDH1.R63*
1084,CDH1.X177_splice
1085,CDH1.X278_splice
1086,CDH1.X440_splice
1087,CDH1.X722_splice
1088,CDH1.Y190C
1089,CDK12.R890H
1090,CDK4.K22M
1091,CDK4.K22Q
1092,CDK4.R24C
1093,CDK4.R24H
1094,CDK4.R24L
1095,CDK4.R24S
1096,CDK6.R220C
1097,CDK6.V234M
1098,CDK8.A63T
1099,CDK8.S60C
1100,CDK8.S62L
1101,CDKN1B.G72A
1102,CDKN1B.G72D
1103,CDKN1B.X159_splice
1104,CDKN2A.A36_N39delinsD
1105,CDKN2A.D108G
1106,CDKN2A.D108H
1107,CDKN2A.D108N
1108,CDKN2A.D108V
1109,CDKN2A.D108Y
1110,CDKN2A.D74G
1111,CDKN2A.D74N
1112,CDKN2A.D74V
1113,CDKN2A.D74Y
1114,CDKN2A.D84A
1115,CDKN2A.D84G
1116,CDKN2A.D84N
1117,CDKN2A.D84V
1118,CDKN2A.D84Y
1119,CDKN2A.E120*
1120,CDKN2A.E27del
1121,CDKN2A.E88*
1122,CDKN2A.E88K
1123,CDKN2A.G35_A36del
1124,CDKN2A.H83D
1125,CDKN2A.H83N
1126,CDKN2A.H83Q
1127,CDKN2A.H83R
1128,CDKN2A.H83Y
1129,CDKN2A.L130Q
1130,CDKN2A.L130R
1131,CDKN2A.L32_L37del
1132,CDKN2A.N42H
1133,CDKN2A.N42I
1134,CDKN2A.N42K
1135,CDKN2A.N42Y
1136,CDKN2A.P114F
1137,CDKN2A.P114H
1138,CDKN2A.P114L
1139,CDKN2A.P48L
1140,CDKN2A.P48R
1141,CDKN2A.Q50*
1142,CDKN2A.Q50H
1143,CDKN2A.R29_A34del
1144,CDKN2A.R58*
1145,CDKN2A.R80*
1146,CDKN2A.S12*
1147,CDKN2A.S12L
1148,CDKN2A.V28_E33del
1149,CDKN2A.W110*
1150,CDKN2A.X153_splice
1151,CDKN2A.X51_splice
1152,CDKN2A.Y129*
1153,CDKN2A.Y129C
1154,CDKN2C.E99K
1155,CDKN2C.Q43H
1156,CHEK2.R346C
1157,CHEK2.R346G
1158,CHEK2.R346H
1159,CHEK2.R346S
1160,CIC.N205S
1161,CIC.P203A
1162,CIC.R1512C
1163,CIC.R1512H
1164,CIC.R1512L
1165,CIC.R1515C
1166,CIC.R1515H
1167,CIC.R201W
1168,CIC.R202Q
1169,CIC.R202W
1170,CIC.R215Q
1171,CIC.R215W
1172,CIC.S231N
1173,CIC.W238R
1174,CIC.X151_splice
1175,CREBBP.A1782T
1176,CREBBP.D1435G
1177,CREBBP.D1435H
1178,CREBBP.D1435N
1179,CREBBP.D1435Y
1180,CREBBP.I1431S
1181,CREBBP.L1499P
1182,CREBBP.L1499Q
1183,CREBBP.R1446C
1184,CREBBP.R1446G
1185,CREBBP.R1446H
1186,CREBBP.R1446L
1187,CREBBP.R1446P
1188,CREBBP.R1446S
1189,CREBBP.R1786C
1190,CREBBP.R413Q
1191,CREBBP.S1680del
1192,CREBBP.S1778L
1193,CREBBP.T396M
1194,CREBBP.V1802M
1195,CREBBP.W1472C
1196,CREBBP.W1502C
1197,CREBBP.W1502L
1198,CREBBP.Y1450C
1199,CREBBP.Y1450N
1200,CREBBP.Y1482C
1201,CREBBP.Y1482D
1202,CREBBP.Y1482H
1203,CREBBP.Y1482N
1204,CREBBP.Y1503C
1205,CRLF2.S128L
1206,CTCF.H284Y
1207,CTCF.H288R
1208,CTCF.H288Y
1209,CTCF.R377C
1210,CTCF.R377H
1211,CTCF.R448*
1212,CTCF.S354F
1213,CTCF.Y226C
1214,CTLA4.S107Y
1215,CTNNB1.D32A
1216,CTNNB1.D32G
1217,CTNNB1.D32H
1218,CTNNB1.D32N
1219,CTNNB1.D32V
1220,CTNNB1.D32Y
1221,CTNNB1.D32_I35delinsV
1222,CTNNB1.D32_S33del
1223,CTNNB1.D32_S37delinsA
1224,CTNNB1.G34E
1225,CTNNB1.G34R
1226,CTNNB1.G34V
1227,CTNNB1.G34_S71del
1228,CTNNB1.H36P
1229,CTNNB1.I35S
1230,CTNNB1.K292E
1231,CTNNB1.K292T
1232,CTNNB1.K335I
1233,CTNNB1.K335T
1234,CTNNB1.L31_S33del
1235,CTNNB1.N387I
1236,CTNNB1.N387K
1237,CTNNB1.P44_S60del
1238,CTNNB1.Q26_D32delinsH
1239,CTNNB1.Q28_D32delinsH
1240,CTNNB1.R535*
1241,CTNNB1.S33A
1242,CTNNB1.S33C
1243,CTNNB1.S33F
1244,CTNNB1.S33P
1245,CTNNB1.S33Y
1246,CTNNB1.S33_A39del
1247,CTNNB1.S37A
1248,CTNNB1.S37C
1249,CTNNB1.S37F
1250,CTNNB1.S37P
1251,CTNNB1.S37Y
1252,CTNNB1.S45A
1253,CTNNB1.S45C
1254,CTNNB1.S45F
1255,CTNNB1.S45P
1256,CTNNB1.S45Y
1257,CTNNB1.S45del
1258,CTNNB1.T41A
1259,CTNNB1.T41I
1260,CTNNB1.T41N
1261,CTNNB1.W25_D32del
1262,CTNNB1.W25_H36del
1263,CTNNB1.W383C
1264,CTNNB1.W383R
1265,CTNNB1.W383S
1266,CTNNB1.Y30_S33del
1267,CUL3.M299R
1268,DAXX.E457del
1269,DAXX.E457dup
1270,DICER1.D1709N
1271,DICER1.D1810N
1272,DICER1.D1810V
1273,DICER1.D1810Y
1274,DICER1.E1813G
1275,DICER1.E1813K
1276,DICER1.E1813Q
1277,DICER1.S1344L
1278,DIS3.D479G
1279,DIS3.D479H
1280,DIS3.D479V
1281,DIS3.D479Y
1282,DIS3.D488G
1283,DIS3.D488N
1284,DIS3.D488Y
1285,DIS3.L767F
1286,DIS3.R382G
1287,DIS3.R382Q
1288,DIS3.R689Q
1289,DIS3.R780K
1290,DIS3.R780S
1291,DNMT1.E432K
1292,DNMT1.E51K
1293,DNMT3A.R882C
1294,DNMT3A.R882H
1295,DNMT3B.V229L
1296,DNMT3B.V229M
1297,DOT1L.G137R
1298,DOT1L.S118L
1299,DOT1L.V119L
1300,EGFR.A289D
1301,EGFR.A289T
1302,EGFR.A289V
1303,EGFR.A750P
1304,EGFR.A767_V769dup
1305,EGFR.D256Y
1306,EGFR.D770_N771insG
1307,EGFR.D770_N771insGF
1308,EGFR.D770_N771insGL
1309,EGFR.D770_N771insY
1310,EGFR.D770_P772dup
1311,EGFR.E709A
1312,EGFR.E709K
1313,EGFR.E709_T710delinsD
1314,EGFR.E746_A750del
1315,EGFR.E746_T751delinsA
1316,EGFR.E84V
1317,EGFR.F254I
1318,EGFR.G598A
1319,EGFR.G598E
1320,EGFR.G598V
1321,EGFR.G719A
1322,EGFR.G719C
1323,EGFR.G719D
1324,EGFR.G719S
1325,EGFR.H304Y
1326,EGFR.H773_V774dup
1327,EGFR.H773dup
1328,EGFR.K745_E746insVPVAIK
1329,EGFR.L62R
1330,EGFR.L747F
1331,EGFR.L747P
1332,EGFR.L747S
1333,EGFR.L747_E749del
1334,EGFR.L747_P753delinsS
1335,EGFR.L747_S752del
1336,EGFR.L747_T751del
1337,EGFR.L833M
1338,EGFR.L833V
1339,EGFR.L858R
1340,EGFR.L861Q
1341,EGFR.N771_H773dup
1342,EGFR.N771_P772insH
1343,EGFR.N771_P772insHH
1344,EGFR.N771_P772insV
1345,EGFR.P596L
1346,EGFR.P753L
1347,EGFR.P772_H773dup
1348,EGFR.P772_H773insTPNP
1349,EGFR.R108G
1350,EGFR.R108K
1351,EGFR.R222C
1352,EGFR.R222H
1353,EGFR.R252C
1354,EGFR.R252H
1355,EGFR.R832C
1356,EGFR.R836H
1357,EGFR.S752_I759del
1358,EGFR.S768I
1359,EGFR.S768_D770dup
1360,EGFR.T263P
1361,EGFR.T363I
1362,EGFR.T363N
1363,EGFR.T751_A755del
1364,EGFR.T751_E758del
1365,EGFR.T790M
1366,EGFR.Y764_D770dup
1367,EIF1AX.G15D
1368,EIF1AX.G15V
1369,EIF1AX.G6C
1370,EIF1AX.G6D
1371,EIF1AX.G6R
1372,EIF1AX.G6S
1373,EIF1AX.G8E
1374,EIF1AX.G8R
1375,EIF1AX.G9D
1376,EIF1AX.G9R
1377,EIF1AX.G9V
1378,EIF1AX.K10E
1379,EIF1AX.K10T
1380,EIF1AX.N4I
1381,EIF1AX.N4S
1382,EIF1AX.N4Y
1383,EIF1AX.P2L
1384,EIF1AX.P2S
1385,EIF1AX.R12G
1386,EIF1AX.R13C
1387,EIF1AX.R13G
1388,EIF1AX.R13H
1389,EIF1AX.R13L
1390,EIF1AX.R13P
1391,EIF1AX.X113_splice
1392,EIF1AX.X6_splice
1393,EP300.C1164Y
1394,EP300.D1399E
1395,EP300.D1399N
1396,EP300.D1399Y
1397,EP300.F1373L
1398,EP300.H1451Q
1399,EP300.L415P
1400,EP300.P1452L
1401,EP300.Q1455H
1402,EP300.Q1455R
1403,EP300.R1627Q
1404,EP300.R1627W
1405,EP300.W1466*
1406,EP300.W1466C
1407,EP300.W1466L
1408,EP300.W1466R
1409,EP300.X1539_splice
1410,EP300.Y1414C
1411,EP300.Y1446C
1412,EP300.Y1467C
1413,EP300.Y1467H
1414,EP300.Y1467K
1415,EP300.Y1467N
1416,EP300.Y1467S
1417,EPHA3.R136*
1418,EPHB1.D762N
1419,EPHB1.D806N
1420,EPHB1.N749K
1421,EPHB1.R743Q
1422,EPHB1.R743W
1423,EPHB1.R767C
1424,ERBB2.A293T
1425,ERBB2.D277H
1426,ERBB2.D277V
1427,ERBB2.D277Y
1428,ERBB2.D769H
1429,ERBB2.D769Y
1430,ERBB2.G660D
1431,ERBB2.G776V
1432,ERBB2.G778_P780dup
1433,ERBB2.I767M
1434,ERBB2.L755A
1435,ERBB2.L755P
1436,ERBB2.L755S
1437,ERBB2.L869R
1438,ERBB2.R103Q
1439,ERBB2.R678Q
1440,ERBB2.R678W
1441,ERBB2.S310F
1442,ERBB2.S310Y
1443,ERBB2.T733I
1444,ERBB2.T862A
1445,ERBB2.V659E
1446,ERBB2.V697L
1447,ERBB2.V777L
1448,ERBB2.V777M
1449,ERBB2.V842I
1450,ERBB2.Y772_A775dup
1451,ERBB3.A232T
1452,ERBB3.A232V
1453,ERBB3.D297A
1454,ERBB3.D297H
1455,ERBB3.D297V
1456,ERBB3.D297Y
1457,ERBB3.E332K
1458,ERBB3.E928G
1459,ERBB3.F219C
1460,ERBB3.F219L
1461,ERBB3.G284R
1462,ERBB3.H228Q
1463,ERBB3.H228R
1464,ERBB3.K329E
1465,ERBB3.K329T
1466,ERBB3.M60K
1467,ERBB3.M60R
1468,ERBB3.M91I
1469,ERBB3.N126I
1470,ERBB3.N126K
1471,ERBB3.R103G
1472,ERBB3.R475W
1473,ERBB3.S846I
1474,ERBB3.T355A
1475,ERBB3.T355I
1476,ERBB3.V104L
1477,ERBB3.V104M
1478,ERBB4.F1102C
1479,ERBB4.K1002R
1480,ERBB4.K1002T
1481,ERBB4.K1223R
1482,ERBB4.K1223T
1483,ERBB4.L798P
1484,ERBB4.L798R
1485,ERBB4.S774G
1486,ERBB4.S774R
1487,ERCC2.D609E
1488,ERCC2.E606Q
1489,ERCC2.N238S
1490,ERCC2.P463L
1491,ERCC2.P463Q
1492,ERCC2.P463S
1493,ERCC2.S246F
1494,ERCC2.S246Y
1495,ERCC2.T484A
1496,ERCC2.T484M
1497,ERCC2.Y24C
1498,ERCC2.Y72C
1499,ESR1.D538G
1500,ESR1.E380Q
1501,ESR1.L536H
1502,ESR1.L536P
1503,ESR1.L536R
1504,ESR1.V422del
1505,ESR1.Y537C
1506,ESR1.Y537D
1507,ESR1.Y537N
1508,ESR1.Y537S
1509,ETV6.G375R
1510,ETV6.G381E
1511,ETV6.R369Q
1512,ETV6.R369W
1513,EZH2.K515R
1514,EZH2.Y646C
1515,EZH2.Y646F
1516,EZH2.Y646H
1517,EZH2.Y646N
1518,FAT1.R1627*
1519,FAT1.R1627Q
1520,FBXW7.A503V
1521,FBXW7.D520G
1522,FBXW7.D520N
1523,FBXW7.D520Y
1524,FBXW7.E287D
1525,FBXW7.E287K
1526,FBXW7.E287Q
1527,FBXW7.G423*
1528,FBXW7.G423V
1529,FBXW7.G437E
1530,FBXW7.G437V
1531,FBXW7.G517E
1532,FBXW7.R14*
1533,FBXW7.R14Q
1534,FBXW7.R224*
1535,FBXW7.R224Q
1536,FBXW7.R278*
1537,FBXW7.R367*
1538,FBXW7.R393*
1539,FBXW7.R393Q
1540,FBXW7.R441L
1541,FBXW7.R441Q
1542,FBXW7.R441W
1543,FBXW7.R465C
1544,FBXW7.R465H
1545,FBXW7.R465L
1546,FBXW7.R465S
1547,FBXW7.R479*
1548,FBXW7.R479G
1549,FBXW7.R479L
1550,FBXW7.R479P
1551,FBXW7.R479Q
1552,FBXW7.R505C
1553,FBXW7.R505G
1554,FBXW7.R505H
1555,FBXW7.R505L
1556,FBXW7.R505S
1557,FBXW7.R658*
1558,FBXW7.R658Q
1559,FBXW7.R689Q
1560,FBXW7.R689W
1561,FBXW7.S426L
1562,FBXW7.S546*
1563,FBXW7.S546L
1564,FBXW7.S582L
1565,FBXW7.S582P
1566,FBXW7.T532I
1567,FBXW7.X195_splice
1568,FBXW7.Y545C
1569,FGFR1.K687E
1570,FGFR1.K687N
1571,FGFR1.N577D
1572,FGFR1.N577K
1573,FGFR2.C382R
1574,FGFR2.C382Y
1575,FGFR2.F276I
1576,FGFR2.N549H
1577,FGFR2.N549K
1578,FGFR2.N549S
1579,FGFR2.N549T
1580,FGFR2.P253L
1581,FGFR2.P253R
1582,FGFR2.R203C
1583,FGFR2.R203H
1584,FGFR2.S252L
1585,FGFR2.S252W
1586,FGFR2.Y375C
1587,FGFR3.D280N
1588,FGFR3.G370C
1589,FGFR3.G380R
1590,FGFR3.K650E
1591,FGFR3.K650M
1592,FGFR3.K650N
1593,FGFR3.P250S
1594,FGFR3.R248C
1595,FGFR3.S249C
1596,FGFR3.S371C
1597,FGFR3.Y373C
1598,FGFR4.N535K
1599,FGFR4.V550L
1600,FGFR4.V550M
1601,FH.M336I
1602,FLT1.E1011K
1603,FOXA1.A323_P326del
1604,FOXA1.C227R
1605,FOXA1.C258_R261del
1606,FOXA1.D226G
1607,FOXA1.D226N
1608,FOXA1.D249_F254del
1609,FOXA1.E255_N256del
1610,FOXA1.F254_E255del
1611,FOXA1.F254_N256delinsY
1612,FOXA1.F266C
1613,FOXA1.F266L
1614,FOXA1.F266S
1615,FOXA1.F266V
1616,FOXA1.H247L
1617,FOXA1.H247Q
1618,FOXA1.H247R
1619,FOXA1.H247Y
1620,FOXA1.I176M
1621,FOXA1.I176V
1622,FOXA1.K264dup
1623,FOXA1.K267dup
1624,FOXA1.M253K
1625,FOXA1.M253R
1626,FOXA1.M253_N256del
1627,FOXA1.M253_Y259del
1628,FOXA1.N252_C258del
1629,FOXA1.N252_G257del
1630,FOXA1.N252_S408del
1631,FOXA1.Q263_C268del
1632,FOXA1.Q263_G281del
1633,FOXA1.R219C
1634,FOXA1.R219S
1635,FOXA1.R261C
1636,FOXA1.R261G
1637,FOXA1.R261H
1638,FOXA1.R261S
1639,FOXA1.R265_K270del
1640,FOXA1.S242F
1641,FOXA1.S242Y
1642,FOXA1.S250F
1643,FOXA1.S250Y
1644,FOXA1.S250_F254del
1645,FOXA1.S250_Y259del
1646,FOXA1.S282_G283dup
1647,FOXA1.V229I
1648,FOXA1.Y259C
1649,FOXA1.Y259S
1650,FOXL2.C134W
1651,FOXL2.E118K
1652,FOXL2.E118Q
1653,FOXP1.R514C
1654,FOXP1.R514H
1655,FOXP1.S448L
1656,FOXP1.X511_splice
1657,FUBP1.R430C
1658,FUBP1.R430H
1659,GATA1.R270W
1660,GATA2.C352*
1661,GATA2.C352R
1662,GATA3.M293K
1663,GATA3.M293R
1664,GATA3.R364G
1665,GATA3.R364S
1666,GATA3.R364T
1667,GATA3.R366*
1668,GATA3.R366Q
1669,GNA11.Q209L
1670,GNA11.Q209P
1671,GNA11.R183C
1672,GNA11.R183H
1673,GNAQ.G48L
1674,GNAQ.Q209L
1675,GNAQ.Q209P
1676,GNAQ.R183*
1677,GNAQ.R183Q
1678,GNAS.Q227H
1679,GNAS.Q227K
1680,GNAS.Q227L
1681,GNAS.R160C
1682,GNAS.R160H
1683,GNAS.R160P
1684,GNAS.R201C
1685,GNAS.R201H
1686,GNAS.R201L
1687,GNAS.R201S
1688,GSK3B.X239_splice
1689,HGF.G229D
1690,HIST1H1C.E115K
1691,HIST1H1C.K23del
1692,HIST1H2BD.D52N
1693,HIST1H2BD.E3K
1694,HIST1H2BD.E3Q
1695,HIST1H2BD.P9L
1696,HIST1H2BD.V45L
1697,HIST1H3B.E106K
1698,HIST1H3B.E106Q
1699,HIST1H3B.E51D
1700,HIST1H3B.E51K
1701,HIST1H3B.K28M
1702,HNF1A.G338A
1703,HNF1A.R114C
1704,HNF1A.R114H
1705,HRAS.A59T
1706,HRAS.G12C
1707,HRAS.G12D
1708,HRAS.G12N
1709,HRAS.G12S
1710,HRAS.G12V
1711,HRAS.G13C
1712,HRAS.G13D
1713,HRAS.G13N
1714,HRAS.G13R
1715,HRAS.G13S
1716,HRAS.G13V
1717,HRAS.K117N
1718,HRAS.Q61H
1719,HRAS.Q61K
1720,HRAS.Q61L
1721,HRAS.Q61R
1722,IDH1.R132C
1723,IDH1.R132G
1724,IDH1.R132H
1725,IDH1.R132I
1726,IDH1.R132L
1727,IDH1.R132S
1728,IDH2.R140L
1729,IDH2.R140Q
1730,IDH2.R140W
1731,IDH2.R172G
1732,IDH2.R172K
1733,IDH2.R172M
1734,IDH2.R172S
1735,IDH2.R172T
1736,IDH2.R172W
1737,IKZF1.E304K
1738,IL7R.I241F
1739,IL7R.I241M
1740,IL7R.I241V
1741,IL7R.K395M
1742,IL7R.K395R
1743,IL7R.K395T
1744,IL7R.R206*
1745,IL7R.R206Q
1746,INPP4A.N831H
1747,INPP4A.R829W
1748,IRF4.Y428*
1749,JAK1.L910P
1750,JAK1.L910S
1751,JUN.E112K
1752,JUN.E112Q
1753,KDM5C.E158K
1754,KDM5C.R159H
1755,KDM6A.G526E
1756,KDM6A.Q1003P
1757,KDM6A.Q555*
1758,KDM6A.X1246_splice
1759,KDM6A.X1293_splice
1760,KDM6A.X129_splice
1761,KDM6A.X1336_splice
1762,KDM6A.X76_splice
1763,KDR.A163E
1764,KDR.E1097K
1765,KDR.K168N
1766,KDR.M197I
1767,KDR.R1032*
1768,KDR.R1032Q
1769,KDR.S1037L
1770,KDR.S1100F
1771,KDR.W1096R
1772,KEAP1.D165N
1773,KEAP1.G333C
1774,KEAP1.G333F
1775,KEAP1.G333S
1776,KEAP1.G364C
1777,KEAP1.G417R
1778,KEAP1.G417V
1779,KEAP1.G417W
1780,KEAP1.G429S
1781,KEAP1.G429V
1782,KEAP1.G476V
1783,KEAP1.G477S
1784,KEAP1.G480W
1785,KEAP1.G509V
1786,KEAP1.G509W
1787,KEAP1.M110I
1788,KEAP1.M110V
1789,KEAP1.M550I
1790,KEAP1.R260*
1791,KEAP1.R260L
1792,KEAP1.R260Q
1793,KEAP1.R272C
1794,KEAP1.R272H
1795,KEAP1.R272L
1796,KEAP1.R272P
1797,KEAP1.R320L
1798,KEAP1.R320P
1799,KEAP1.R320Q
1800,KEAP1.R320W
1801,KEAP1.R415C
1802,KEAP1.R415H
1803,KEAP1.R459Q
1804,KEAP1.R460G
1805,KEAP1.R470C
1806,KEAP1.R470H
1807,KEAP1.R470S
1808,KEAP1.R601L
1809,KEAP1.R601W
1810,KEAP1.V155F
1811,KEAP1.V167F
1812,KIT.A502_Y503dup
1813,KIT.D579del
1814,KIT.D816H
1815,KIT.D816V
1816,KIT.D816Y
1817,KIT.D820A
1818,KIT.D820E
1819,KIT.D820G
1820,KIT.D820V
1821,KIT.D820Y
1822,KIT.K558_V560del
1823,KIT.K558_V560delinsN
1824,KIT.K642E
1825,KIT.K642Q
1826,KIT.L576P
1827,KIT.L576_H580dup
1828,KIT.L576del
1829,KIT.M552_E554delinsI
1830,KIT.M552_V555del
1831,KIT.M552_V555delinsI
1832,KIT.M552_W557del
1833,KIT.M552_Y570del
1834,KIT.N566_P573del
1835,KIT.N822I
1836,KIT.N822K
1837,KIT.N822Y
1838,KIT.P551_M552delinsL
1839,KIT.P551_V555del
1840,KIT.P551_Y553delinsH
1841,KIT.P573Q
1842,KIT.Q556_D572del
1843,KIT.Q556_V560delinsH
1844,KIT.R888Q
1845,KIT.R888W
1846,KIT.T574_H580dup
1847,KIT.V559A
1848,KIT.V559D
1849,KIT.V559G
1850,KIT.V559_E561del
1851,KIT.V559_G565del
1852,KIT.V559_N566delinsD
1853,KIT.V559_P573del
1854,KIT.V560D
1855,KIT.V560G
1856,KIT.V560del
1857,KIT.V654A
1858,KIT.W557G
1859,KIT.W557R
1860,KIT.W557S
1861,KIT.W557_E561del
1862,KIT.W557_K558del
1863,KIT.W557_V559delinsF
1864,KIT.Y570_L576del
1865,KIT.Y578_D579insEQQLPY
1866,KIT.Y823C
1867,KIT.Y823D
1868,KLF4.K409Q
1869,KMT2A.R1264*
1870,KMT2C.R4549C
1871,KMT2C.R4549H
1872,KMT2C.R4549S
1873,KMT2C.R56*
1874,KMT2C.R56Q
1875,KMT2D.R1903*
1876,KMT2D.R2685*
1877,KMT2D.R5179H
1878,KMT2D.R5179L
1879,KMT2D.R5179P
1880,KMT2D.R5432Q
1881,KMT2D.R5432W
1882,KRAS.A146P
1883,KRAS.A146T
1884,KRAS.A146V
1885,KRAS.A59E
1886,KRAS.A59G
1887,KRAS.A59T
1888,KRAS.D33E
1889,KRAS.E63K
1890,KRAS.G12A
1891,KRAS.G12C
1892,KRAS.G12D
1893,KRAS.G12F
1894,KRAS.G12I
1895,KRAS.G12L
1896,KRAS.G12R
1897,KRAS.G12S
1898,KRAS.G12V
1899,KRAS.G13A
1900,KRAS.G13C
1901,KRAS.G13D
1902,KRAS.G13E
1903,KRAS.G13R
1904,KRAS.G13V
1905,KRAS.G60D
1906,KRAS.G60S
1907,KRAS.G60V
1908,KRAS.I36M
1909,KRAS.K117N
1910,KRAS.K117R
1911,KRAS.L19F
1912,KRAS.Q22H
1913,KRAS.Q22K
1914,KRAS.Q61A
1915,KRAS.Q61E
1916,KRAS.Q61H
1917,KRAS.Q61K
1918,KRAS.Q61L
1919,KRAS.Q61R
1920,KRAS.R68S
1921,LATS2.P479_A480dup
1922,MAP2K1.A132V
1923,MAP2K1.A52V
1924,MAP2K1.C121S
1925,MAP2K1.E102_I103del
1926,MAP2K1.E203K
1927,MAP2K1.F53C
1928,MAP2K1.F53I
1929,MAP2K1.F53L
1930,MAP2K1.F53V
1931,MAP2K1.G128D
1932,MAP2K1.G128V
1933,MAP2K1.I103_K104del
1934,MAP2K1.I99_K104del
1935,MAP2K1.K57E
1936,MAP2K1.K57N
1937,MAP2K1.K57T
1938,MAP2K1.N122D
1939,MAP2K1.P105_A106del
1940,MAP2K1.P124L
1941,MAP2K1.P124M
1942,MAP2K1.P124Q
1943,MAP2K1.P124R
1944,MAP2K1.P124S
1945,MAP2K1.Q56P
1946,MAP2K1.R49H
1947,MAP2K1.Y130C
1948,MAP2K1.Y130H
1949,MAP2K2.F57L
1950,MAP2K2.F57V
1951,MAP2K4.R110*
1952,MAP2K4.R110L
1953,MAP2K4.R110Q
1954,MAP2K4.R134L
1955,MAP2K4.R134Q
1956,MAP2K4.R134W
1957,MAP2K4.S184L
1958,MAP2K4.S184W
1959,MAP2K4.X297_splice
1960,MAP2K4.X347_splice
1961,MAP3K1.L380S
1962,MAP3K1.S1330L
1963,MAP3K1.S1330W
1964,MAPK1.D321N
1965,MAPK1.E322K
1966,MAPK1.E81K
1967,MAPK1.R135K
1968,MAX.H28R
1969,MAX.R60Q
1970,MAX.R60W
1971,MDC1.I1020_R1028del
1972,MDC1.K1025del
1973,MED12.G44A
1974,MED12.G44C
1975,MED12.G44D
1976,MED12.G44S
1977,MED12.G44V
1978,MED12.K42_N46del
1979,MED12.L1224F
1980,MED12.L1224V
1981,MED12.P49_E55del
1982,MED12.V41_S52del
1983,MET.D1010H
1984,MET.D1010N
1985,MET.D1010Y
1986,MET.H1094R
1987,MET.H1094Y
1988,MET.M1250T
1989,MET.V1070A
1990,MET.X1010_splice
1991,MET.Y1003C
1992,MET.Y1003F
1993,MET.Y1230C
1994,MET.Y1230H
1995,MET.Y1230S
1996,MSH2.E580*
1997,MTOR.A1459D
1998,MTOR.A1459P
1999,MTOR.A1459V
2000,MTOR.A1459_D1468del
2001,MTOR.A1971P
2002,MTOR.A1971T
2003,MTOR.C1483F
2004,MTOR.C1483R
2005,MTOR.C1483Y
2006,MTOR.E1455_D1458dup
2007,MTOR.E1799K
2008,MTOR.F1888I
2009,MTOR.F1888L
2010,MTOR.I1973F
2011,MTOR.I2500F
2012,MTOR.I2500M
2013,MTOR.I2500N
2014,MTOR.L1460P
2015,MTOR.L2427Q
2016,MTOR.L2427R
2017,MTOR.M1998I
2018,MTOR.M2327I
2019,MTOR.M2327V
2020,MTOR.S2215F
2021,MTOR.S2215T
2022,MTOR.S2215Y
2023,MTOR.T1977I
2024,MTOR.T1977K
2025,MTOR.T1977R
2026,MTOR.V2006F
2027,MTOR.V2006L
2028,MTOR.W1456_L1460delinsC
2029,MTOR.Y1450_W1456del
2030,MYCN.P44F
2031,MYCN.P44L
2032,MYC.P74L
2033,MYC.P74Q
2034,MYC.P74R
2035,MYC.P74S
2036,MYC.S161L
2037,MYC.S298del
2038,MYC.T73I
2039,MYD88.L265P
2040,MYD88.M232T
2041,MYD88.S243N
2042,MYOD1.L122R
2043,NF1.R1241*
2044,NF1.R1870Q
2045,NF1.R1870W
2046,NF1.R2450*
2047,NF1.R2450Q
2048,NF1.R440*
2049,NF1.R440Q
2050,NF1.R461*
2051,NF1.R461Q
2052,NFE2L2.D21_I22delinsE
2053,NFE2L2.D27del
2054,NFE2L2.D29G
2055,NFE2L2.D29H
2056,NFE2L2.D29N
2057,NFE2L2.D29Y
2058,NFE2L2.D77G
2059,NFE2L2.D77H
2060,NFE2L2.D77V
2061,NFE2L2.D77Y
2062,NFE2L2.E79D
2063,NFE2L2.E79K
2064,NFE2L2.E79Q
2065,NFE2L2.E79V
2066,NFE2L2.E79del
2067,NFE2L2.E82D
2068,NFE2L2.E82G
2069,NFE2L2.E82Q
2070,NFE2L2.G31A
2071,NFE2L2.G31E
2072,NFE2L2.G31R
2073,NFE2L2.G31V
2074,NFE2L2.G31del
2075,NFE2L2.G81A
2076,NFE2L2.G81C
2077,NFE2L2.G81D
2078,NFE2L2.G81R
2079,NFE2L2.G81S
2080,NFE2L2.G81V
2081,NFE2L2.I28T
2082,NFE2L2.I28dup
2083,NFE2L2.L30F
2084,NFE2L2.L30P
2085,NFE2L2.L74_Q87del
2086,NFE2L2.Q26H
2087,NFE2L2.Q26K
2088,NFE2L2.Q26R
2089,NFE2L2.Q73_T80del
2090,NFE2L2.R34*
2091,NFE2L2.R34G
2092,NFE2L2.R34L
2093,NFE2L2.R34P
2094,NFE2L2.R34Q
2095,NFE2L2.R34_S40del
2096,NFE2L2.S33_R34del
2097,NFE2L2.T80A
2098,NFE2L2.T80I
2099,NFE2L2.T80R
2100,NFE2L2.W24C
2101,NFE2L2.W24R
2102,NOTCH1.A2023T
2103,NOTCH1.A465T
2104,NOTCH1.C359del
2105,NOTCH1.C440F
2106,NOTCH1.C440W
2107,NOTCH1.C456Y
2108,NOTCH1.C467F
2109,NOTCH1.D338del
2110,NOTCH1.D469Y
2111,NOTCH1.E455K
2112,NOTCH1.F357del
2113,NOTCH1.G310E
2114,NOTCH1.G310R
2115,NOTCH1.I471T
2116,NOTCH1.P460L
2117,NOTCH1.P460S
2118,NOTCH1.R365C
2119,NOTCH1.S356del
2120,NOTCH1.Y358del
2121,NOTCH2.R2400*
2122,NRAS.G12A
2123,NRAS.G12C
2124,NRAS.G12D
2125,NRAS.G12R
2126,NRAS.G12S
2127,NRAS.G12V
2128,NRAS.G13C
2129,NRAS.G13D
2130,NRAS.G13F
2131,NRAS.G13R
2132,NRAS.G13S
2133,NRAS.G13V
2134,NRAS.G60E
2135,NRAS.G60V
2136,NRAS.Q61H
2137,NRAS.Q61K
2138,NRAS.Q61L
2139,NRAS.Q61P
2140,NRAS.Q61R
2141,NSD1.C1710*
2142,NSD1.E1970D
2143,NSD1.R2039H
2144,NSD1.T2029A
2145,PAK7.M173I
2146,PARP1.A278V
2147,PARP1.R78W
2148,PAX5.V26G
2149,PBRM1.R1160*
2150,PBRM1.R1160Q
2151,PBRM1.R710*
2152,PBRM1.R710G
2153,PBRM1.R921*
2154,PBRM1.X856_splice
2155,PDGFRA.C235S
2156,PDGFRA.C235Y
2157,PDGFRA.D842V
2158,PDGFRA.E229K
2159,PDGFRA.N659K
2160,PDGFRA.N659Y
2161,PDPK1.P499L
2162,PIK3CA.C378F
2163,PIK3CA.C378R
2164,PIK3CA.C378Y
2165,PIK3CA.C420R
2166,PIK3CA.C604R
2167,PIK3CA.C901F
2168,PIK3CA.C90R
2169,PIK3CA.C90Y
2170,PIK3CA.D350G
2171,PIK3CA.D350N
2172,PIK3CA.D350V
2173,PIK3CA.D939G
2174,PIK3CA.E110_K111dup
2175,PIK3CA.E110del
2176,PIK3CA.E365K
2177,PIK3CA.E39K
2178,PIK3CA.E453K
2179,PIK3CA.E453Q
2180,PIK3CA.E453_D454del
2181,PIK3CA.E453_P466del
2182,PIK3CA.E453_T462del
2183,PIK3CA.E453del
2184,PIK3CA.E542A
2185,PIK3CA.E542G
2186,PIK3CA.E542K
2187,PIK3CA.E542Q
2188,PIK3CA.E542V
2189,PIK3CA.E545A
2190,PIK3CA.E545D
2191,PIK3CA.E545G
2192,PIK3CA.E545K
2193,PIK3CA.E545Q
2194,PIK3CA.E726A
2195,PIK3CA.E726K
2196,PIK3CA.E81*
2197,PIK3CA.E81K
2198,PIK3CA.E970K
2199,PIK3CA.G1007D
2200,PIK3CA.G1007R
2201,PIK3CA.G1049A
2202,PIK3CA.G1049R
2203,PIK3CA.G106C
2204,PIK3CA.G106R
2205,PIK3CA.G106V
2206,PIK3CA.G106_R108del
2207,PIK3CA.G118D
2208,PIK3CA.G364A
2209,PIK3CA.G364R
2210,PIK3CA.H1047L
2211,PIK3CA.H1047Q
2212,PIK3CA.H1047R
2213,PIK3CA.H1047Y
2214,PIK3CA.H1065L
2215,PIK3CA.H1065Y
2216,PIK3CA.H419_C420del
2217,PIK3CA.H419_L422del
2218,PIK3CA.H450_L455del
2219,PIK3CA.I102_E103delinsK
2220,PIK3CA.I112_L113del
2221,PIK3CA.K111E
2222,PIK3CA.K111N
2223,PIK3CA.K111Q
2224,PIK3CA.K111_I112del
2225,PIK3CA.K111del
2226,PIK3CA.L113del
2227,PIK3CA.L436_P449dup
2228,PIK3CA.L452_G460del
2229,PIK3CA.L452_P458del
2230,PIK3CA.M1004I
2231,PIK3CA.M1004V
2232,PIK3CA.M1043I
2233,PIK3CA.M1043L
2234,PIK3CA.M1043T
2235,PIK3CA.M1043V
2236,PIK3CA.N1044K
2237,PIK3CA.N1044Y
2238,PIK3CA.N107I
2239,PIK3CA.N107S
2240,PIK3CA.N114del
2241,PIK3CA.N345D
2242,PIK3CA.N345H
2243,PIK3CA.N345I
2244,PIK3CA.N345K
2245,PIK3CA.N345T
2246,PIK3CA.N345Y
2247,PIK3CA.P104L
2248,PIK3CA.P104R
2249,PIK3CA.P104_V105del
2250,PIK3CA.P447_L455del
2251,PIK3CA.P449_L452del
2252,PIK3CA.P471A
2253,PIK3CA.P471L
2254,PIK3CA.P539R
2255,PIK3CA.Q546E
2256,PIK3CA.Q546H
2257,PIK3CA.Q546K
2258,PIK3CA.Q546L
2259,PIK3CA.Q546P
2260,PIK3CA.Q546R
2261,PIK3CA.R108H
2262,PIK3CA.R108L
2263,PIK3CA.R108S
2264,PIK3CA.R108del
2265,PIK3CA.R115L
2266,PIK3CA.R115P
2267,PIK3CA.R115Q
2268,PIK3CA.R357*
2269,PIK3CA.R357L
2270,PIK3CA.R357Q
2271,PIK3CA.R38C
2272,PIK3CA.R38H
2273,PIK3CA.R38S
2274,PIK3CA.R88Q
2275,PIK3CA.R93L
2276,PIK3CA.R93Q
2277,PIK3CA.R93W
2278,PIK3CA.T1025A
2279,PIK3CA.T1025S
2280,PIK3CA.T1052K
2281,PIK3CA.V344A
2282,PIK3CA.V344G
2283,PIK3CA.V344M
2284,PIK3CA.Y1021C
2285,PIK3CA.Y1021H
2286,PIK3CB.D1067A
2287,PIK3CB.D1067H
2288,PIK3CB.D1067V
2289,PIK3CB.D1067Y
2290,PIK3CB.E1051G
2291,PIK3CB.E1051K
2292,PIK3CB.R321Q
2293,PIK3CD.C416R
2294,PIK3CD.E1021K
2295,PIK3CD.R894Q
2296,PIK3R1.D440_E451del
2297,PIK3R1.D440_K448del
2298,PIK3R1.D440del
2299,PIK3R1.D464_E468dup
2300,PIK3R1.D464_Y467del
2301,PIK3R1.D464_Y470dup
2302,PIK3R1.D560G
2303,PIK3R1.D560H
2304,PIK3R1.D560Y
2305,PIK3R1.D569_L581delinsE
2306,PIK3R1.D569dup
2307,PIK3R1.D578_M582delinsE
2308,PIK3R1.E403_L404delinsV
2309,PIK3R1.E439del
2310,PIK3R1.E451_Y452del
2311,PIK3R1.E451del
2312,PIK3R1.E458_K459del
2313,PIK3R1.E458_Y463dup
2314,PIK3R1.E458del
2315,PIK3R1.E462_R465del
2316,PIK3R1.E462_Y463delinsD
2317,PIK3R1.E558_K561del
2318,PIK3R1.E558_R562del
2319,PIK3R1.F456_K459del
2320,PIK3R1.F456_Q457del
2321,PIK3R1.G376R
2322,PIK3R1.G446_L449delinsV
2323,PIK3R1.H450_E451del
2324,PIK3R1.H450_E451dup
2325,PIK3R1.H450_E451insD
2326,PIK3R1.H450_K459del
2327,PIK3R1.H450_Q455dup
2328,PIK3R1.I405_L420del
2329,PIK3R1.I405del
2330,PIK3R1.I442_N453del
2331,PIK3R1.I566_P568delinsT
2332,PIK3R1.I571_L581del
2333,PIK3R1.I571_R574del
2334,PIK3R1.K379E
2335,PIK3R1.K379N
2336,PIK3R1.K448_Y452del
2337,PIK3R1.K459del
2338,PIK3R1.K567E
2339,PIK3R1.K567_I571del
2340,PIK3R1.K567_L570del
2341,PIK3R1.K567del
2342,PIK3R1.K575_L581delinsM
2343,PIK3R1.K575_R577del
2344,PIK3R1.K575_R577dup
2345,PIK3R1.K575_T576del
2346,PIK3R1.L380del
2347,PIK3R1.L449_H450insQ
2348,PIK3R1.L449_K459del
2349,PIK3R1.L449del
2350,PIK3R1.L466_E469del
2351,PIK3R1.L466del
2352,PIK3R1.L570P
2353,PIK3R1.L570_D578del
2354,PIK3R1.L573P
2355,PIK3R1.L573_K575del
2356,PIK3R1.N378del
2357,PIK3R1.N441_T454del
2358,PIK3R1.N453_Q455delinsK
2359,PIK3R1.N453_Q457del
2360,PIK3R1.N453_Y463del
2361,PIK3R1.N453del
2362,PIK3R1.N564D
2363,PIK3R1.P568_L573del
2364,PIK3R1.Q455_S460dup
2365,PIK3R1.Q457_S460del
2366,PIK3R1.R348*
2367,PIK3R1.R461_E462delinsQ
2368,PIK3R1.R574I
2369,PIK3R1.R574del
2370,PIK3R1.R577_D578del
2371,PIK3R1.R577_L581del
2372,PIK3R1.R577del
2373,PIK3R1.S565N
2374,PIK3R1.S565R
2375,PIK3R1.T576M
2376,PIK3R1.T576del
2377,PIK3R1.V401_H407del
2378,PIK3R1.V402_L413del
2379,PIK3R1.X434_splice
2380,PIK3R1.X475_splice
2381,PIK3R1.X582_splice
2382,PIK3R1.Y452H
2383,PIK3R1.Y452_N453insF
2384,PIK3R1.Y452_Q457del
2385,PIK3R1.Y452dup
2386,PIK3R1.Y463_E468dup
2387,PIK3R1.Y580C
2388,PIK3R1.Y580D
2389,PIK3R2.D557G
2390,PIK3R2.D557N
2391,PIK3R2.D557Y
2392,PIK3R2.G373R
2393,PLK2.M99I
2394,POLE.E18K
2395,POLE.P286H
2396,POLE.P286R
2397,POLE.V411L
2398,PPP2R1A.E297D
2399,PPP2R1A.E297K
2400,PPP2R1A.P179L
2401,PPP2R1A.P179R
2402,PPP2R1A.R105Q
2403,PPP2R1A.R144C
2404,PPP2R1A.R182W
2405,PPP2R1A.R183Q
2406,PPP2R1A.R183W
2407,PPP2R1A.R221W
2408,PPP2R1A.R258C
2409,PPP2R1A.R258H
2410,PPP2R1A.S143F
2411,PPP2R1A.S146L
2412,PPP2R1A.S219L
2413,PPP2R1A.S256F
2414,PPP2R1A.S256Y
2415,PPP2R1A.V220M
2416,PPP2R1A.W257C
2417,PTEN.A121T
2418,PTEN.A126D
2419,PTEN.A126G
2420,PTEN.A126S
2421,PTEN.A126V
2422,PTEN.A34V
2423,PTEN.C105W
2424,PTEN.C105Y
2425,PTEN.C124G
2426,PTEN.C124S
2427,PTEN.C124Y
2428,PTEN.C136*
2429,PTEN.C136R
2430,PTEN.C71F
2431,PTEN.C71Y
2432,PTEN.D24E
2433,PTEN.D24G
2434,PTEN.D24H
2435,PTEN.D24V
2436,PTEN.D92E
2437,PTEN.D92G
2438,PTEN.D92H
2439,PTEN.D92N
2440,PTEN.D92V
2441,PTEN.D92Y
2442,PTEN.G127*
2443,PTEN.G127E
2444,PTEN.G127R
2445,PTEN.G127V
2446,PTEN.G129*
2447,PTEN.G129E
2448,PTEN.G129R
2449,PTEN.G129V
2450,PTEN.G132A
2451,PTEN.G132D
2452,PTEN.G132S
2453,PTEN.G132V
2454,PTEN.G165*
2455,PTEN.G165E
2456,PTEN.G165R
2457,PTEN.G251A
2458,PTEN.G251D
2459,PTEN.G251V
2460,PTEN.G36E
2461,PTEN.G36R
2462,PTEN.H123L
2463,PTEN.H123Y
2464,PTEN.H61N
2465,PTEN.H61R
2466,PTEN.H93L
2467,PTEN.H93R
2468,PTEN.H93Y
2469,PTEN.I101T
2470,PTEN.I135K
2471,PTEN.I28S
2472,PTEN.I33S
2473,PTEN.I67K
2474,PTEN.I67T
2475,PTEN.K125N
2476,PTEN.K128N
2477,PTEN.L140*
2478,PTEN.L146*
2479,PTEN.L152P
2480,PTEN.L247*
2481,PTEN.L25F
2482,PTEN.L25V
2483,PTEN.L320*
2484,PTEN.L320S
2485,PTEN.L70H
2486,PTEN.M134I
2487,PTEN.M35I
2488,PTEN.M35L
2489,PTEN.M35V
2490,PTEN.N48K
2491,PTEN.P38F
2492,PTEN.P38L
2493,PTEN.P38S
2494,PTEN.P95L
2495,PTEN.P96T
2496,PTEN.Q171*
2497,PTEN.Q171K
2498,PTEN.Q171R
2499,PTEN.R130*
2500,PTEN.R130G
2501,PTEN.R130L
2502,PTEN.R130P
2503,PTEN.R130Q
2504,PTEN.R130S
2505,PTEN.R159S
2506,PTEN.R173C
2507,PTEN.R173H
2508,PTEN.R173P
2509,PTEN.R233*
2510,PTEN.R233Q
2511,PTEN.R335*
2512,PTEN.S170I
2513,PTEN.S170N
2514,PTEN.T277I
2515,PTEN.T277N
2516,PTEN.V175A
2517,PTEN.V175E
2518,PTEN.W111*
2519,PTEN.W111R
2520,PTEN.W111S
2521,PTEN.W274*
2522,PTEN.X212_splice
2523,PTEN.X267_splice
2524,PTEN.X268_splice
2525,PTEN.X342_splice
2526,PTEN.X343_splice
2527,PTEN.X70_splice
2528,PTEN.X85_splice
2529,PTEN.Y138C
2530,PTEN.Y155C
2531,PTEN.Y155H
2532,PTEN.Y16*
2533,PTEN.Y16D
2534,PTEN.Y174*
2535,PTEN.Y174D
2536,PTEN.Y174H
2537,PTEN.Y177*
2538,PTEN.Y177D
2539,PTEN.Y178*
2540,PTEN.Y178C
2541,PTEN.Y178H
2542,PTEN.Y27*
2543,PTEN.Y27C
2544,PTEN.Y27D
2545,PTEN.Y27H
2546,PTEN.Y27N
2547,PTEN.Y336*
2548,PTEN.Y346*
2549,PTEN.Y346C
2550,PTEN.Y346D
2551,PTEN.Y65*
2552,PTEN.Y68*
2553,PTEN.Y68C
2554,PTEN.Y68H
2555,PTEN.Y68N
2556,PTPN11.A461G
2557,PTPN11.A461T
2558,PTPN11.A72D
2559,PTPN11.A72G
2560,PTPN11.A72S
2561,PTPN11.A72T
2562,PTPN11.A72V
2563,PTPN11.D61N
2564,PTPN11.D61Y
2565,PTPN11.E69K
2566,PTPN11.E76G
2567,PTPN11.E76K
2568,PTPN11.E76Q
2569,PTPN11.F285S
2570,PTPN11.F285V
2571,PTPN11.F71L
2572,PTPN11.G503V
2573,PTPN11.G60V
2574,PTPN11.L262F
2575,PTPN11.N308D
2576,PTPN11.N308S
2577,PTPN11.P33S
2578,PTPN11.Q510H
2579,PTPN11.Q510L
2580,PTPN11.R512Q
2581,PTPN11.S502L
2582,PTPN11.S502P
2583,PTPN11.T468M
2584,PTPN11.T507K
2585,PTPRD.A1716T
2586,PTPRD.A494S
2587,PTPRD.D500N
2588,PTPRD.G1719W
2589,PTPRD.H1843Y
2590,PTPRD.L1675I
2591,PTPRD.Q1718H
2592,PTPRD.R1674C
2593,PTPRD.S431L
2594,PTPRS.R1492Q
2595,PTPRS.R1492W
2596,PTPRT.E548K
2597,PTPRT.L695F
2598,PTPRT.R364*
2599,PTPRT.R364Q
2600,RAC1.A178V
2601,RAC1.C18F
2602,RAC1.G12R
2603,RAC1.G12V
2604,RAC1.N111I
2605,RAC1.N111K
2606,RAC1.N111S
2607,RAC1.P29F
2608,RAC1.P29L
2609,RAC1.P29S
2610,RAC1.P29T
2611,RAC1.P34R
2612,RAC1.Q61K
2613,RAC1.Q61R
2614,RAD50.D69N
2615,RAD50.D69Y
2616,RAD51C.P21A
2617,RAD51C.P21S
2618,RAD51C.P21T
2619,RAD52.R396H
2620,RAF1.S257L
2621,RAF1.S259C
2622,RAF1.S259F
2623,RAF1.S259P
2624,RB1.F755I
2625,RB1.G449E
2626,RB1.G449R
2627,RB1.Q444H
2628,RB1.Q444L
2629,RB1.Q702K
2630,RB1.R251*
2631,RB1.R251Q
2632,RB1.R320*
2633,RB1.R445*
2634,RB1.R451C
2635,RB1.R455*
2636,RB1.R467*
2637,RB1.R552*
2638,RB1.R579*
2639,RB1.R787*
2640,RB1.S758L
2641,RB1.X127_splice
2642,RB1.X203_splice
2643,RB1.X405_splice
2644,RB1.X406_splice
2645,RB1.X445_splice
2646,RB1.X463_splice
2647,RB1.X46_splice
2648,RB1.X474_splice
2649,RB1.X500_splice
2650,RB1.X605_splice
2651,RB1.X654_splice
2652,RB1.X702_splice
2653,RB1.X776_splice
2654,RB1.X830_splice
2655,RB1.X89_splice
2656,RB1.Y606*
2657,RBM10.R153*
2658,RBM10.R153G
2659,RBM10.X91_splice
2660,RET.M918T
2661,RHOA.A161T
2662,RHOA.A161V
2663,RHOA.A61V
2664,RHOA.D59G
2665,RHOA.D59N
2666,RHOA.E40D
2667,RHOA.E40K
2668,RHOA.E40Q
2669,RHOA.E47K
2670,RHOA.G17A
2671,RHOA.G17E
2672,RHOA.G17V
2673,RHOA.G62E
2674,RHOA.G62R
2675,RHOA.G62V
2676,RHOA.L22P
2677,RHOA.L22R
2678,RHOA.L57V
2679,RHOA.L69M
2680,RHOA.L69P
2681,RHOA.L69R
2682,RHOA.N41K
2683,RHOA.Q63K
2684,RHOA.R5L
2685,RHOA.R5Q
2686,RHOA.R5W
2687,RHOA.R70S
2688,RHOA.T37I
2689,RHOA.Y34C
2690,RHOA.Y42C
2691,RHOA.Y42F
2692,RHOA.Y42S
2693,RHOA.Y66N
2694,RICTOR.S1101L
2695,RIT1.A77S
2696,RIT1.A77T
2697,RIT1.F82C
2698,RIT1.F82L
2699,RIT1.M90I
2700,RNF43.R132*
2701,RNF43.R145*
2702,RNF43.R371*
2703,RPS6KA4.R629C
2704,RPS6KA4.R629H
2705,RPS6KA4.S236L
2706,RPTOR.R139H
2707,RUNX1.R201*
2708,RUNX1.R201Q
2709,SDHAF2.S10*
2710,SDHAF2.S10L
2711,SDHA.S445L
2712,SDHA.V644M
2713,SETD2.H1603Y
2714,SETD2.H1629Y
2715,SETD2.R1523C
2716,SETD2.R1523H
2717,SETD2.R1625C
2718,SETD2.R1625H
2719,SETD2.R1625L
2720,SETD2.R1625S
2721,SETD2.S1624C
2722,SETD2.W1640C
2723,SETD2.X1572_splice
2724,SETD2.Y1666C
2725,SF3B1.D894G
2726,SF3B1.D894N
2727,SF3B1.D894Y
2728,SF3B1.E902G
2729,SF3B1.E902K
2730,SF3B1.E902Q
2731,SF3B1.G740E
2732,SF3B1.G742D
2733,SF3B1.K666E
2734,SF3B1.K666M
2735,SF3B1.K666N
2736,SF3B1.K666T
2737,SF3B1.K700E
2738,SF3B1.K741E
2739,SF3B1.K741N
2740,SF3B1.K741T
2741,SF3B1.R625C
2742,SF3B1.R625G
2743,SF3B1.R625H
2744,SF3B1.R625L
2745,SF3B1.V701F
2746,SF3B1.Y623C
2747,SF3B1.Y623H
2748,SMAD2.C463*
2749,SMAD2.P305L
2750,SMAD2.P305T
2751,SMAD2.R182*
2752,SMAD2.R321*
2753,SMAD2.R321Q
2754,SMAD2.S464*
2755,SMAD2.T303R
2756,SMAD3.E239K
2757,SMAD3.R243C
2758,SMAD3.R268C
2759,SMAD3.R268H
2760,SMAD3.R287Q
2761,SMAD3.R287W
2762,SMAD3.V244I
2763,SMAD4.A118V
2764,SMAD4.C363F
2765,SMAD4.C363R
2766,SMAD4.C363S
2767,SMAD4.C363Y
2768,SMAD4.C363del
2769,SMAD4.D351G
2770,SMAD4.D351H
2771,SMAD4.D351N
2772,SMAD4.D351V
2773,SMAD4.D351Y
2774,SMAD4.D355G
2775,SMAD4.D355V
2776,SMAD4.D493G
2777,SMAD4.D493H
2778,SMAD4.D493N
2779,SMAD4.D537A
2780,SMAD4.D537E
2781,SMAD4.D537G
2782,SMAD4.D537H
2783,SMAD4.D537V
2784,SMAD4.D537Y
2785,SMAD4.D537_E538dup
2786,SMAD4.E134K
2787,SMAD4.E330*
2788,SMAD4.E330G
2789,SMAD4.E330K
2790,SMAD4.E330Q
2791,SMAD4.E526A
2792,SMAD4.E526D
2793,SMAD4.E526K
2794,SMAD4.E526Q
2795,SMAD4.E526V
2796,SMAD4.G352A
2797,SMAD4.G352E
2798,SMAD4.G352L
2799,SMAD4.G352R
2800,SMAD4.G352V
2801,SMAD4.G365D
2802,SMAD4.G386A
2803,SMAD4.G386D
2804,SMAD4.G386R
2805,SMAD4.G386S
2806,SMAD4.G386V
2807,SMAD4.G419R
2808,SMAD4.G419V
2809,SMAD4.G419W
2810,SMAD4.G510*
2811,SMAD4.G510A
2812,SMAD4.G510E
2813,SMAD4.G510R
2814,SMAD4.H132Y
2815,SMAD4.H92Y
2816,SMAD4.I383R
2817,SMAD4.L536P
2818,SMAD4.L536R
2819,SMAD4.L536_E538delinsQ
2820,SMAD4.L540del
2821,SMAD4.P130L
2822,SMAD4.P356H
2823,SMAD4.P356L
2824,SMAD4.P356R
2825,SMAD4.P356S
2826,SMAD4.P91S
2827,SMAD4.Q534*
2828,SMAD4.Q534P
2829,SMAD4.R361C
2830,SMAD4.R361G
2831,SMAD4.R361H
2832,SMAD4.R361L
2833,SMAD4.R361S
2834,SMAD4.R361_G365del
2835,SMAD4.R445*
2836,SMAD4.R445Q
2837,SMAD4.R97H
2838,SMAD4.S178*
2839,SMAD4.S357_G365del
2840,SMAD4.W524C
2841,SMAD4.W524L
2842,SMAD4.W524R
2843,SMAD4.W99C
2844,SMAD4.Y133N
2845,SMAD4.Y353C
2846,SMAD4.Y353D
2847,SMAD4.Y353N
2848,SMAD4.Y95*
2849,SMAD4.Y95C
2850,SMAD4.Y95H
2851,SMARCA4.E821K
2852,SMARCA4.G1232C
2853,SMARCA4.G1232D
2854,SMARCA4.G1232S
2855,SMARCA4.K546del
2856,SMARCA4.M781I
2857,SMARCA4.M781L
2858,SMARCA4.M781V
2859,SMARCA4.R1135Q
2860,SMARCA4.R1135W
2861,SMARCA4.R1157Q
2862,SMARCA4.R1157W
2863,SMARCA4.R1189*
2864,SMARCA4.R1189G
2865,SMARCA4.R1189L
2866,SMARCA4.R1189Q
2867,SMARCA4.R1192C
2868,SMARCA4.R1192H
2869,SMARCA4.R1243L
2870,SMARCA4.R1243W
2871,SMARCA4.R973Q
2872,SMARCA4.R973W
2873,SMARCA4.T910A
2874,SMARCA4.T910M
2875,SMARCA4.T910R
2876,SMARCB1.K364del
2877,SMARCB1.R374Q
2878,SMARCB1.R374W
2879,SMARCB1.R377C
2880,SMARCB1.R377H
2881,SMARCB1.R377L
2882,SMARCD1.R183*
2883,SMARCD1.R183Q
2884,SMO.L412F
2885,SMO.V414G
2886,SOX17.A96G
2887,SOX17.S403I
2888,SOX9.H165R
2889,SOX9.K166N
2890,SOX9.K167del
2891,SPOP.D130H
2892,SPOP.D130N
2893,SPOP.F102C
2894,SPOP.F102I
2895,SPOP.F102L
2896,SPOP.F102S
2897,SPOP.F102V
2898,SPOP.F104I
2899,SPOP.F125C
2900,SPOP.F125I
2901,SPOP.F125L
2902,SPOP.F125V
2903,SPOP.F133C
2904,SPOP.F133I
2905,SPOP.F133L
2906,SPOP.F133S
2907,SPOP.F133V
2908,SPOP.K129E
2909,SPOP.K134N
2910,SPOP.M117V
2911,SPOP.R121Q
2912,SPOP.S119N
2913,SPOP.S119R
2914,SPOP.W131C
2915,SPOP.W131G
2916,SPOP.W131L
2917,SPOP.W131S
2918,SPOP.Y87C
2919,SPOP.Y87D
2920,SPOP.Y87N
2921,SPOP.Y87S
2922,STAG2.R216*
2923,STAG2.R216Q
2924,STK11.D194G
2925,STK11.D194N
2926,STK11.D194V
2927,STK11.D194Y
2928,STK11.E165*
2929,STK11.E165K
2930,STK11.E165Q
2931,STK11.E223*
2932,STK11.E223K
2933,STK11.E223V
2934,STK11.G196R
2935,STK11.G196V
2936,STK11.G242R
2937,STK11.G242V
2938,STK11.G242W
2939,STK11.G251C
2940,STK11.G251V
2941,STK11.H174D
2942,STK11.H174L
2943,STK11.H174R
2944,STK11.K84*
2945,STK11.N181S
2946,STK11.N181T
2947,STK11.N181Y
2948,STK11.P179L
2949,STK11.P179R
2950,STK11.P221L
2951,STK11.P221S
2952,STK11.Q220*
2953,STK11.S216F
2954,STK11.W239*
2955,STK11.W239C
2956,STK11.W239S
2957,STK11.W308*
2958,STK11.W308C
2959,STK11.W308L
2960,STK11.X125_splice
2961,STK11.X155_splice
2962,STK11.X200_splice
2963,STK11.X245_splice
2964,STK11.X288_splice
2965,STK11.X307_splice
2966,STK11.X97_splice
2967,SYK.A52T
2968,SYK.R42H
2969,SYK.R45H
2970,SYK.S44I
2971,TBX3.W113*
2972,TET1.P1752S
2973,TET2.R550*
2974,TGFBR1.R487Q
2975,TGFBR1.R487W
2976,TGFBR1.S241L
2977,TGFBR1.T375K
2978,TGFBR1.T375R
2979,TGFBR2.D471N
2980,TGFBR2.E544K
2981,TGFBR2.R520*
2982,TGFBR2.R553C
2983,TGFBR2.R553G
2984,TGFBR2.R553H
2985,TGFBR2.R553L
2986,TNFRSF14.C111W
2987,TP53.A138P
2988,TP53.A138T
2989,TP53.A138V
2990,TP53.A159D
2991,TP53.A159P
2992,TP53.A159V
2993,TP53.A161D
2994,TP53.A161S
2995,TP53.A161T
2996,TP53.A276D
2997,TP53.A276G
2998,TP53.A276P
2999,TP53.A276_C277dup
3000,TP53.A276_E285del
3001,TP53.C135*
3002,TP53.C135F
3003,TP53.C135G
3004,TP53.C135R
3005,TP53.C135S
3006,TP53.C135W
3007,TP53.C135Y
3008,TP53.C135_L137delinsW
3009,TP53.C141*
3010,TP53.C141F
3011,TP53.C141G
3012,TP53.C141R
3013,TP53.C141W
3014,TP53.C141Y
3015,TP53.C141_P142del
3016,TP53.C176*
3017,TP53.C176F
3018,TP53.C176G
3019,TP53.C176R
3020,TP53.C176S
3021,TP53.C176W
3022,TP53.C176Y
3023,TP53.C176dup
3024,TP53.C229_H233del
3025,TP53.C229_T230del
3026,TP53.C238F
3027,TP53.C238G
3028,TP53.C238R
3029,TP53.C238S
3030,TP53.C238W
3031,TP53.C238Y
3032,TP53.C238_S240del
3033,TP53.C242*
3034,TP53.C242F
3035,TP53.C242G
3036,TP53.C242R
3037,TP53.C242S
3038,TP53.C242W
3039,TP53.C242Y
3040,TP53.C275*
3041,TP53.C275F
3042,TP53.C275G
3043,TP53.C275R
3044,TP53.C275S
3045,TP53.C275W
3046,TP53.C275Y
3047,TP53.C275_R282delinsW
3048,TP53.C277*
3049,TP53.C277F
3050,TP53.C277G
3051,TP53.C277Y
3052,TP53.D148_T150del
3053,TP53.D208E
3054,TP53.D208N
3055,TP53.D208V
3056,TP53.D259H
3057,TP53.D259N
3058,TP53.D259V
3059,TP53.D259Y
3060,TP53.D281A
3061,TP53.D281E
3062,TP53.D281G
3063,TP53.D281H
3064,TP53.D281N
3065,TP53.D281P
3066,TP53.D281V
3067,TP53.D281Y
3068,TP53.D281_R282insP
3069,TP53.E180D
3070,TP53.E180K
3071,TP53.E180_D184del
3072,TP53.E198*
3073,TP53.E204_L206del
3074,TP53.E258*
3075,TP53.E258A
3076,TP53.E258D
3077,TP53.E258G
3078,TP53.E258K
3079,TP53.E258Q
3080,TP53.E258V
3081,TP53.E271*
3082,TP53.E271K
3083,TP53.E271Q
3084,TP53.E271V
3085,TP53.E285*
3086,TP53.E285K
3087,TP53.E285Q
3088,TP53.E285V
3089,TP53.E285_K292del
3090,TP53.E286*
3091,TP53.E286A
3092,TP53.E286G
3093,TP53.E286K
3094,TP53.E286Q
3095,TP53.E286V
3096,TP53.E286_E287del
3097,TP53.E294*
3098,TP53.E298*
3099,TP53.F109C
3100,TP53.F109I
3101,TP53.F109S
3102,TP53.F109V
3103,TP53.F113C
3104,TP53.F113L
3105,TP53.F113P
3106,TP53.F113S
3107,TP53.F113V
3108,TP53.F134C
3109,TP53.F134I
3110,TP53.F134L
3111,TP53.F134S
3112,TP53.F134V
3113,TP53.F270C
3114,TP53.F270I
3115,TP53.F270L
3116,TP53.F270S
3117,TP53.F270V
3118,TP53.F338L
3119,TP53.F341S
3120,TP53.G105C
3121,TP53.G105D
3122,TP53.G105R
3123,TP53.G105S
3124,TP53.G105V
3125,TP53.G154D
3126,TP53.G154V
3127,TP53.G154_T155del
3128,TP53.G199_E204del
3129,TP53.G244A
3130,TP53.G244C
3131,TP53.G244D
3132,TP53.G244F
3133,TP53.G244R
3134,TP53.G244S
3135,TP53.G244V
3136,TP53.G245A
3137,TP53.G245C
3138,TP53.G245D
3139,TP53.G245N
3140,TP53.G245R
3141,TP53.G245S
3142,TP53.G245V
3143,TP53.G245_P250delinsA
3144,TP53.G262V
3145,TP53.G262del
3146,TP53.G266*
3147,TP53.G266E
3148,TP53.G266K
3149,TP53.G266R
3150,TP53.G266T
3151,TP53.G266V
3152,TP53.G279E
3153,TP53.G279R
3154,TP53.G334V
3155,TP53.G334W
3156,TP53.H168L
3157,TP53.H168P
3158,TP53.H168R
3159,TP53.H178D
3160,TP53.H178P
3161,TP53.H179D
3162,TP53.H179L
3163,TP53.H179N
3164,TP53.H179P
3165,TP53.H179Q
3166,TP53.H179R
3167,TP53.H179Y
3168,TP53.H179_D184del
3169,TP53.H179del
3170,TP53.H193D
3171,TP53.H193L
3172,TP53.H193N
3173,TP53.H193P
3174,TP53.H193Q
3175,TP53.H193R
3176,TP53.H193Y
3177,TP53.H214L
3178,TP53.H214P
3179,TP53.H214R
3180,TP53.I195F
3181,TP53.I195K
3182,TP53.I195N
3183,TP53.I195S
3184,TP53.I195T
3185,TP53.I232F
3186,TP53.I232N
3187,TP53.I232S
3188,TP53.I232T
3189,TP53.I251F
3190,TP53.I251M
3191,TP53.I251N
3192,TP53.I251S
3193,TP53.I254F
3194,TP53.I254M
3195,TP53.I254N
3196,TP53.I254S
3197,TP53.I255F
3198,TP53.I255N
3199,TP53.I255S
3200,TP53.I255T
3201,TP53.I255del
3202,TP53.I255dup
3203,TP53.K120*
3204,TP53.K120E
3205,TP53.K120N
3206,TP53.K132*
3207,TP53.K132E
3208,TP53.K132M
3209,TP53.K132N
3210,TP53.K132Q
3211,TP53.K132R
3212,TP53.K132T
3213,TP53.K139E
3214,TP53.K139N
3215,TP53.K164*
3216,TP53.K164E
3217,TP53.L111M
3218,TP53.L111P
3219,TP53.L111Q
3220,TP53.L111R
3221,TP53.L130F
3222,TP53.L130H
3223,TP53.L130P
3224,TP53.L130R
3225,TP53.L130V
3226,TP53.L130_A138dup
3227,TP53.L130del
3228,TP53.L137Q
3229,TP53.L194F
3230,TP53.L194H
3231,TP53.L194P
3232,TP53.L194R
3233,TP53.L252_I254del
3234,TP53.L252del
3235,TP53.L257P
3236,TP53.L257Q
3237,TP53.L257R
3238,TP53.L257V
3239,TP53.L264_N268del
3240,TP53.L265P
3241,TP53.L265R
3242,TP53.L265del
3243,TP53.L330P
3244,TP53.L330R
3245,TP53.M133I
3246,TP53.M133K
3247,TP53.M133R
3248,TP53.M133T
3249,TP53.M237I
3250,TP53.M237K
3251,TP53.M237V
3252,TP53.M243I
3253,TP53.M246I
3254,TP53.M246K
3255,TP53.M246L
3256,TP53.M246R
3257,TP53.M246T
3258,TP53.M246V
3259,TP53.N131I
3260,TP53.N131K
3261,TP53.N131S
3262,TP53.N131del
3263,TP53.N235_Y236dup
3264,TP53.N235del
3265,TP53.N239D
3266,TP53.N239H
3267,TP53.N239K
3268,TP53.N239S
3269,TP53.N239T
3270,TP53.N239_S240del
3271,TP53.N239dup
3272,TP53.N247I
3273,TP53.N263_N268del
3274,TP53.P128del
3275,TP53.P142dup
3276,TP53.P151A
3277,TP53.P151F
3278,TP53.P151H
3279,TP53.P151R
3280,TP53.P151S
3281,TP53.P151T
3282,TP53.P152K
3283,TP53.P152L
3284,TP53.P152Q
3285,TP53.P152R
3286,TP53.P152S
3287,TP53.P152T
3288,TP53.P153_G154del
3289,TP53.P153del
3290,TP53.P177L
3291,TP53.P177R
3292,TP53.P177_C182del
3293,TP53.P190L
3294,TP53.P190R
3295,TP53.P190S
3296,TP53.P190T
3297,TP53.P191del
3298,TP53.P250L
3299,TP53.P278A
3300,TP53.P278F
3301,TP53.P278H
3302,TP53.P278L
3303,TP53.P278R
3304,TP53.P278S
3305,TP53.P278T
3306,TP53.Q104*
3307,TP53.Q136*
3308,TP53.Q136E
3309,TP53.Q136H
3310,TP53.Q136P
3311,TP53.Q144*
3312,TP53.Q144L
3313,TP53.Q144P
3314,TP53.Q165*
3315,TP53.Q165H
3316,TP53.Q167*
3317,TP53.Q192*
3318,TP53.Q192L
3319,TP53.Q317*
3320,TP53.Q331*
3321,TP53.Q331H
3322,TP53.R110C
3323,TP53.R110H
3324,TP53.R110L
3325,TP53.R110P
3326,TP53.R158C
3327,TP53.R158F
3328,TP53.R158G
3329,TP53.R158H
3330,TP53.R158L
3331,TP53.R158P
3332,TP53.R158S
3333,TP53.R174W
3334,TP53.R175C
3335,TP53.R175G
3336,TP53.R175H
3337,TP53.R175L
3338,TP53.R181C
3339,TP53.R181H
3340,TP53.R181P
3341,TP53.R196*
3342,TP53.R196L
3343,TP53.R196P
3344,TP53.R196Q
3345,TP53.R213*
3346,TP53.R213G
3347,TP53.R213L
3348,TP53.R213P
3349,TP53.R213Q
3350,TP53.R248G
3351,TP53.R248L
3352,TP53.R248P
3353,TP53.R248Q
3354,TP53.R248W
3355,TP53.R249G
3356,TP53.R249K
3357,TP53.R249M
3358,TP53.R249S
3359,TP53.R249T
3360,TP53.R249W
3361,TP53.R267G
3362,TP53.R267L
3363,TP53.R267P
3364,TP53.R267Q
3365,TP53.R267W
3366,TP53.R273C
3367,TP53.R273G
3368,TP53.R273H
3369,TP53.R273L
3370,TP53.R273P
3371,TP53.R273S
3372,TP53.R280*
3373,TP53.R280G
3374,TP53.R280I
3375,TP53.R280K
3376,TP53.R280S
3377,TP53.R280T
3378,TP53.R282G
3379,TP53.R282L
3380,TP53.R282P
3381,TP53.R282Q
3382,TP53.R282W
3383,TP53.R283H
3384,TP53.R283P
3385,TP53.R306*
3386,TP53.R306Q
3387,TP53.R333P
3388,TP53.R337C
3389,TP53.R337G
3390,TP53.R337H
3391,TP53.R337L
3392,TP53.R337P
3393,TP53.R342*
3394,TP53.R342P
3395,TP53.S127F
3396,TP53.S127P
3397,TP53.S127T
3398,TP53.S127Y
3399,TP53.S183_G187delinsC
3400,TP53.S215C
3401,TP53.S215G
3402,TP53.S215I
3403,TP53.S215N
3404,TP53.S215R
3405,TP53.S215T
3406,TP53.S240G
3407,TP53.S240R
3408,TP53.S240_C242del
3409,TP53.S240_S241del
3410,TP53.S241A
3411,TP53.S241C
3412,TP53.S241F
3413,TP53.S241P
3414,TP53.S241Y
3415,TP53.S241dup
3416,TP53.S269_E271del
3417,TP53.T125A
3418,TP53.T125K
3419,TP53.T125M
3420,TP53.T125P
3421,TP53.T125R
3422,TP53.T150_R158del
3423,TP53.T155I
3424,TP53.T155N
3425,TP53.T155P
3426,TP53.T155_R158del
3427,TP53.T231_I232insTDCTT
3428,TP53.T253_L257del
3429,TP53.T253dup
3430,TP53.T256del
3431,TP53.T284P
3432,TP53.V143A
3433,TP53.V143E
3434,TP53.V143G
3435,TP53.V143M
3436,TP53.V143_P153del
3437,TP53.V157A
3438,TP53.V157D
3439,TP53.V157F
3440,TP53.V157G
3441,TP53.V157L
3442,TP53.V157_R158del
3443,TP53.V172D
3444,TP53.V172F
3445,TP53.V173A
3446,TP53.V173E
3447,TP53.V173G
3448,TP53.V173L
3449,TP53.V173M
3450,TP53.V197E
3451,TP53.V197G
3452,TP53.V197L
3453,TP53.V197M
3454,TP53.V216E
3455,TP53.V216G
3456,TP53.V216L
3457,TP53.V216M
3458,TP53.V218E
3459,TP53.V218G
3460,TP53.V218L
3461,TP53.V218M
3462,TP53.V272E
3463,TP53.V272G
3464,TP53.V272K
3465,TP53.V272L
3466,TP53.V272M
3467,TP53.V272_R273insL
3468,TP53.V274A
3469,TP53.V274D
3470,TP53.V274F
3471,TP53.V274G
3472,TP53.V274L
3473,TP53.V274_C275dup
3474,TP53.W146*
3475,TP53.W146C
3476,TP53.W146G
3477,TP53.W53*
3478,TP53.W91*
3479,TP53.X125_splice
3480,TP53.X126_splice
3481,TP53.X187_splice
3482,TP53.X224_splice
3483,TP53.X225_splice
3484,TP53.X261_splice
3485,TP53.X307_splice
3486,TP53.X32_splice
3487,TP53.X331_splice
3488,TP53.X332_splice
3489,TP53.X33_splice
3490,TP53.Y107*
3491,TP53.Y107D
3492,TP53.Y126*
3493,TP53.Y126C
3494,TP53.Y126D
3495,TP53.Y126H
3496,TP53.Y126N
3497,TP53.Y126S
3498,TP53.Y163*
3499,TP53.Y163C
3500,TP53.Y163D
3501,TP53.Y163H
3502,TP53.Y163N
3503,TP53.Y205*
3504,TP53.Y205C
3505,TP53.Y205D
3506,TP53.Y205F
3507,TP53.Y205H
3508,TP53.Y205N
3509,TP53.Y205S
3510,TP53.Y220*
3511,TP53.Y220C
3512,TP53.Y220D
3513,TP53.Y220H
3514,TP53.Y220N
3515,TP53.Y220S
3516,TP53.Y234*
3517,TP53.Y234C
3518,TP53.Y234D
3519,TP53.Y234H
3520,TP53.Y234N
3521,TP53.Y234S
3522,TP53.Y234_M237del
3523,TP53.Y234del
3524,TP53.Y236*
3525,TP53.Y236C
3526,TP53.Y236D
3527,TP53.Y236H
3528,TP53.Y236N
3529,TP53.Y236S
3530,TP53.Y236_M237delinsL
3531,TP63.E609K
3532,TP63.R379C
3533,TP63.R379H
3534,TP63.R379S
3535,TP63.S365*
3536,TP63.S365L
3537,TP63.X194_splice
3538,TRAF7.N520S
3539,TRAF7.R189L
3540,TRAF7.R189P
3541,TRAF7.R189W
3542,TSC1.X797_splice
3543,U2AF1.G222_G223del
3544,U2AF1.I24T
3545,U2AF1.S34F
3546,U2AF1.S34Y
3547,VHL.C162*
3548,VHL.C162R
3549,VHL.C162W
3550,VHL.D121G
3551,VHL.D121Y
3552,VHL.F76del
3553,VHL.G114R
3554,VHL.H115N
3555,VHL.H115Y
3556,VHL.I151N
3557,VHL.I151S
3558,VHL.I151T
3559,VHL.I75_C77del
3560,VHL.L101P
3561,VHL.L128H
3562,VHL.L135*
3563,VHL.L158P
3564,VHL.L158Q
3565,VHL.L158V
3566,VHL.L169P
3567,VHL.L89H
3568,VHL.L89P
3569,VHL.N78K
3570,VHL.N78S
3571,VHL.N78Y
3572,VHL.P86L
3573,VHL.P86R
3574,VHL.P86S
3575,VHL.R120G
3576,VHL.R161*
3577,VHL.R161L
3578,VHL.R161Q
3579,VHL.R79G
3580,VHL.R79_S80del
3581,VHL.R82P
3582,VHL.S111N
3583,VHL.S111P
3584,VHL.S65*
3585,VHL.S65L
3586,VHL.S65P
3587,VHL.S65T
3588,VHL.S65W
3589,VHL.S68*
3590,VHL.S68P
3591,VHL.S80N
3592,VHL.S80R
3593,VHL.V74D
3594,VHL.W117*
3595,VHL.W117C
3596,VHL.W117L
3597,VHL.W88*
3598,VHL.W88R
3599,VHL.X114_splice
3600,VHL.X155_splice
3601,VHL.Y112*
3602,VHL.Y112C
3603,XPO1.E571K
3604,XPO1.R749*
3605,XPO1.R749Q
3606,ABL1_Amp
3607,AKT1_Amp
3608,AKT2_Amp
3609,AKT3_Amp
3610,ALK_Amp
3611,ALOX12B_Amp
3612,APC_Amp
3613,AR_Amp
3614,ARAF_Amp
3615,ARID1A_Amp
3616,ARID1B_Amp
3617,ARID2_Amp
3618,ARID5B_Amp
3619,ASXL1_Amp
3620,ASXL2_Amp
3621,ATM_Amp
3622,ATR_Amp
3623,ATRX_Amp
3624,AURKA_Amp
3625,AURKB_Amp
3626,AXIN1_Amp
3627,AXIN2_Amp
3628,AXL_Amp
3629,B2M_Amp
3630,BAP1_Amp
3631,BARD1_Amp
3632,BBC3_Amp
3633,BCL2_Amp
3634,BCL2L1_Amp
3635,BCL2L11_Amp
3636,BCL6_Amp
3637,BCOR_Amp
3638,BLM_Amp
3639,BMPR1A_Amp
3640,BRAF_Amp
3641,BRCA1_Amp
3642,BRCA2_Amp
3643,BRD4_Amp
3644,BRIP1_Amp
3645,BTK_Amp
3646,CARD11_Amp
3647,CASP8_Amp
3648,CBFB_Amp
3649,CBL_Amp
3650,CCND1_Amp
3651,CCND2_Amp
3652,CCND3_Amp
3653,CCNE1_Amp
3654,CD274_Amp
3655,CD276_Amp
3656,CD79B_Amp
3657,CDC73_Amp
3658,CDH1_Amp
3659,CDK12_Amp
3660,CDK4_Amp
3661,CDK6_Amp
3662,CDK8_Amp
3663,CDKN1A_Amp
3664,CDKN1B_Amp
3665,CDKN2A_Amp
3666,CDKN2B_Amp
3667,CDKN2C_Amp
3668,CHEK1_Amp
3669,CHEK2_Amp
3670,CIC_Amp
3671,CREBBP_Amp
3672,CRKL_Amp
3673,CRLF2_Amp
3674,CSF1R_Amp
3675,CTCF_Amp
3676,CTLA4_Amp
3677,CTNNB1_Amp
3678,CUL3_Amp
3679,DAXX_Amp
3680,DCUN1D1_Amp
3681,DDR2_Amp
3682,DICER1_Amp
3683,DIS3_Amp
3684,DNMT1_Amp
3685,DNMT3A_Amp
3686,DNMT3B_Amp
3687,DOT1L_Amp
3688,E2F3_Amp
3689,EED_Amp
3690,EGFL7_Amp
3691,EGFR_Amp
3692,EIF1AX_Amp
3693,EP300_Amp
3694,EPCAM_Amp
3695,EPHA3_Amp
3696,EPHA5_Amp
3697,EPHB1_Amp
3698,ERBB2_Amp
3699,ERBB3_Amp
3700,ERBB4_Amp
3701,ERCC2_Amp
3702,ERCC3_Amp
3703,ERCC4_Amp
3704,ERCC5_Amp
3705,ERG_Amp
3706,ESR1_Amp
3707,ETV1_Amp
3708,ETV6_Amp
3709,EZH2_Amp
3710,FAM123B_Amp
3711,FAM175A_Amp
3712,FAM46C_Amp
3713,FANCA_Amp
3714,FANCC_Amp
3715,FAT1_Amp
3716,FBXW7_Amp
3717,FGF19_Amp
3718,FGF3_Amp
3719,FGF4_Amp
3720,FGFR1_Amp
3721,FGFR2_Amp
3722,FGFR3_Amp
3723,FGFR4_Amp
3724,FH_Amp
3725,FLCN_Amp
3726,FLT1_Amp
3727,FLT3_Amp
3728,FLT4_Amp
3729,FOXA1_Amp
3730,FOXL2_Amp
3731,FOXP1_Amp
3732,FUBP1_Amp
3733,GATA1_Amp
3734,GATA2_Amp
3735,GATA3_Amp
3736,GNA11_Amp
3737,GNAQ_Amp
3738,GNAS_Amp
3739,GREM1_Amp
3740,GRIN2A_Amp
3741,GSK3B_Amp
3742,H3F3C_Amp
3743,HGF_Amp
3744,HIST1H1C_Amp
3745,HIST1H2BD_Amp
3746,HIST1H3B_Amp
3747,HNF1A_Amp
3748,HRAS_Amp
3749,ICOSLG_Amp
3750,IDH1_Amp
3751,IDH2_Amp
3752,IFNGR1_Amp
3753,IGF1_Amp
3754,IGF1R_Amp
3755,IGF2_Amp
3756,IKBKE_Amp
3757,IKZF1_Amp
3758,IL10_Amp
3759,IL7R_Amp
3760,INPP4A_Amp
3761,INPP4B_Amp
3762,INSR_Amp
3763,IRF4_Amp
3764,IRS1_Amp
3765,IRS2_Amp
3766,JAK1_Amp
3767,JAK2_Amp
3768,JAK3_Amp
3769,JUN_Amp
3770,KDM5A_Amp
3771,KDM5C_Amp
3772,KDM6A_Amp
3773,KDR_Amp
3774,KEAP1_Amp
3775,KIT_Amp
3776,KLF4_Amp
3777,KMT2A_Amp
3778,KMT2C_Amp
3779,KMT2D_Amp
3780,KRAS_Amp
3781,LATS1_Amp
3782,LATS2_Amp
3783,LMO1_Amp
3784,MAP2K1_Amp
3785,MAP2K2_Amp
3786,MAP2K4_Amp
3787,MAP3K1_Amp
3788,MAP3K13_Amp
3789,MAPK1_Amp
3790,MAX_Amp
3791,MCL1_Amp
3792,MDC1_Amp
3793,MDM2_Amp
3794,MDM4_Amp
3795,MED12_Amp
3796,MEF2B_Amp
3797,MEN1_Amp
3798,MET_Amp
3799,MITF_Amp
3800,MLH1_Amp
3801,MPL_Amp
3802,MRE11A_Amp
3803,MSH2_Amp
3804,MSH6_Amp
3805,MTOR_Amp
3806,MUTYH_Amp
3807,MYC_Amp
3808,MYCL1_Amp
3809,MYCN_Amp
3810,MYD88_Amp
3811,MYOD1_Amp
3812,NBN_Amp
3813,NCOR1_Amp
3814,NF1_Amp
3815,NF2_Amp
3816,NFE2L2_Amp
3817,NKX2-1_Amp
3818,NKX3-1_Amp
3819,NOTCH1_Amp
3820,NOTCH2_Amp
3821,NOTCH3_Amp
3822,NOTCH4_Amp
3823,NPM1_Amp
3824,NRAS_Amp
3825,NSD1_Amp
3826,NTRK1_Amp
3827,NTRK2_Amp
3828,NTRK3_Amp
3829,PAK1_Amp
3830,PAK7_Amp
3831,PALB2_Amp
3832,PARK2_Amp
3833,PARP1_Amp
3834,PAX5_Amp
3835,PBRM1_Amp
3836,PDCD1_Amp
3837,PDGFRA_Amp
3838,PDGFRB_Amp
3839,PHOX2B_Amp
3840,PIK3C2G_Amp
3841,PIK3C3_Amp
3842,PIK3CA_Amp
3843,PIK3CB_Amp
3844,PIK3CD_Amp
3845,PIK3CG_Amp
3846,PIK3R1_Amp
3847,PIK3R2_Amp
3848,PIK3R3_Amp
3849,PIM1_Amp
3850,PLK2_Amp
3851,PMAIP1_Amp
3852,PMS1_Amp
3853,PMS2_Amp
3854,PNRC1_Amp
3855,POLE_Amp
3856,PPP2R1A_Amp
3857,PRDM1_Amp
3858,PRKAR1A_Amp
3859,PTCH1_Amp
3860,PTEN_Amp
3861,PTPN11_Amp
3862,PTPRD_Amp
3863,PTPRS_Amp
3864,PTPRT_Amp
3865,RAC1_Amp
3866,RAD50_Amp
3867,RAD51_Amp
3868,RAD51C_Amp
3869,RAD51L1_Amp
3870,RAD51L3_Amp
3871,RAD52_Amp
3872,RAD54L_Amp
3873,RAF1_Amp
3874,RARA_Amp
3875,RASA1_Amp
3876,RB1_Amp
3877,RBM10_Amp
3878,RECQL4_Amp
3879,REL_Amp
3880,RET_Amp
3881,RFWD2_Amp
3882,RHOA_Amp
3883,RICTOR_Amp
3884,RIT1_Amp
3885,RNF43_Amp
3886,ROS1_Amp
3887,RPS6KA4_Amp
3888,RPS6KB2_Amp
3889,RPTOR_Amp
3890,RUNX1_Amp
3891,RYBP_Amp
3892,SDHA_Amp
3893,SDHAF2_Amp
3894,SDHB_Amp
3895,SDHC_Amp
3896,SDHD_Amp
3897,SETD2_Amp
3898,SF3B1_Amp
3899,SH2D1A_Amp
3900,SHQ1_Amp
3901,SMAD2_Amp
3902,SMAD3_Amp
3903,SMAD4_Amp
3904,SMARCA4_Amp
3905,SMARCB1_Amp
3906,SMARCD1_Amp
3907,SMO_Amp
3908,SOCS1_Amp
3909,SOX17_Amp
3910,SOX2_Amp
3911,SOX9_Amp
3912,SPEN_Amp
3913,SPOP_Amp
3914,SRC_Amp
3915,STAG2_Amp
3916,STK11_Amp
3917,STK40_Amp
3918,SUFU_Amp
3919,SUZ12_Amp
3920,SYK_Amp
3921,TBX3_Amp
3922,TERT_Amp
3923,TET1_Amp
3924,TET2_Amp
3925,TGFBR1_Amp
3926,TGFBR2_Amp
3927,TMEM127_Amp
3928,TMPRSS2_Amp
3929,TNFAIP3_Amp
3930,TNFRSF14_Amp
3931,TOP1_Amp
3932,TP53_Amp
3933,TP63_Amp
3934,TRAF7_Amp
3935,TSC1_Amp
3936,TSC2_Amp
3937,TSHR_Amp
3938,U2AF1_Amp
3939,VHL_Amp
3940,VTCN1_Amp
3941,WT1_Amp
3942,XIAP_Amp
3943,XPO1_Amp
3944,YAP1_Amp
3945,YES1_Amp
3946,ABL1_HomDel
3947,AKT1_HomDel
3948,AKT2_HomDel
3949,AKT3_HomDel
3950,ALK_HomDel
3951,ALOX12B_HomDel
3952,APC_HomDel
3953,AR_HomDel
3954,ARAF_HomDel
3955,ARID1A_HomDel
3956,ARID1B_HomDel
3957,ARID2_HomDel
3958,ARID5B_HomDel
3959,ASXL1_HomDel
3960,ASXL2_HomDel
3961,ATM_HomDel
3962,ATR_HomDel
3963,ATRX_HomDel
3964,AURKA_HomDel
3965,AURKB_HomDel
3966,AXIN1_HomDel
3967,AXIN2_HomDel
3968,AXL_HomDel
3969,B2M_HomDel
3970,BAP1_HomDel
3971,BARD1_HomDel
3972,BBC3_HomDel
3973,BCL2_HomDel
3974,BCL2L1_HomDel
3975,BCL2L11_HomDel
3976,BCL6_HomDel
3977,BCOR_HomDel
3978,BLM_HomDel
3979,BMPR1A_HomDel
3980,BRAF_HomDel
3981,BRCA1_HomDel
3982,BRCA2_HomDel
3983,BRD4_HomDel
3984,BRIP1_HomDel
3985,BTK_HomDel
3986,CARD11_HomDel
3987,CASP8_HomDel
3988,CBFB_HomDel
3989,CBL_HomDel
3990,CCND1_HomDel
3991,CCND2_HomDel
3992,CCND3_HomDel
3993,CCNE1_HomDel
3994,CD274_HomDel
3995,CD276_HomDel
3996,CD79B_HomDel
3997,CDC73_HomDel
3998,CDH1_HomDel
3999,CDK12_HomDel
4000,CDK4_HomDel
4001,CDK6_HomDel
4002,CDK8_HomDel
4003,CDKN1A_HomDel
4004,CDKN1B_HomDel
4005,CDKN2A_HomDel
4006,CDKN2B_HomDel
4007,CDKN2C_HomDel
4008,CHEK1_HomDel
4009,CHEK2_HomDel
4010,CIC_HomDel
4011,CREBBP_HomDel
4012,CRKL_HomDel
4013,CRLF2_HomDel
4014,CSF1R_HomDel
4015,CTCF_HomDel
4016,CTLA4_HomDel
4017,CTNNB1_HomDel
4018,CUL3_HomDel
4019,DAXX_HomDel
4020,DCUN1D1_HomDel
4021,DDR2_HomDel
4022,DICER1_HomDel
4023,DIS3_HomDel
4024,DNMT1_HomDel
4025,DNMT3A_HomDel
4026,DNMT3B_HomDel
4027,DOT1L_HomDel
4028,E2F3_HomDel
4029,EED_HomDel
4030,EGFL7_HomDel
4031,EGFR_HomDel
4032,EIF1AX_HomDel
4033,EP300_HomDel
4034,EPCAM_HomDel
4035,EPHA3_HomDel
4036,EPHA5_HomDel
4037,EPHB1_HomDel
4038,ERBB2_HomDel
4039,ERBB3_HomDel
4040,ERBB4_HomDel
4041,ERCC2_HomDel
4042,ERCC3_HomDel
4043,ERCC4_HomDel
4044,ERCC5_HomDel
4045,ERG_HomDel
4046,ESR1_HomDel
4047,ETV1_HomDel
4048,ETV6_HomDel
4049,EZH2_HomDel
4050,FAM123B_HomDel
4051,FAM175A_HomDel
4052,FAM46C_HomDel
4053,FANCA_HomDel
4054,FANCC_HomDel
4055,FAT1_HomDel
4056,FBXW7_HomDel
4057,FGF19_HomDel
4058,FGF3_HomDel
4059,FGF4_HomDel
4060,FGFR1_HomDel
4061,FGFR2_HomDel
4062,FGFR3_HomDel
4063,FGFR4_HomDel
4064,FH_HomDel
4065,FLCN_HomDel
4066,FLT1_HomDel
4067,FLT3_HomDel
4068,FLT4_HomDel
4069,FOXA1_HomDel
4070,FOXL2_HomDel
4071,FOXP1_HomDel
4072,FUBP1_HomDel
4073,GATA1_HomDel
4074,GATA2_HomDel
4075,GATA3_HomDel
4076,GNA11_HomDel
4077,GNAQ_HomDel
4078,GNAS_HomDel
4079,GREM1_HomDel
4080,GRIN2A_HomDel
4081,GSK3B_HomDel
4082,H3F3C_HomDel
4083,HGF_HomDel
4084,HIST1H1C_HomDel
4085,HIST1H2BD_HomDel
4086,HIST1H3B_HomDel
4087,HNF1A_HomDel
4088,HRAS_HomDel
4089,ICOSLG_HomDel
4090,IDH1_HomDel
4091,IDH2_HomDel
4092,IFNGR1_HomDel
4093,IGF1_HomDel
4094,IGF1R_HomDel
4095,IGF2_HomDel
4096,IKBKE_HomDel
4097,IKZF1_HomDel
4098,IL10_HomDel
4099,IL7R_HomDel
4100,INPP4A_HomDel
4101,INPP4B_HomDel
4102,INSR_HomDel
4103,IRF4_HomDel
4104,IRS1_HomDel
4105,IRS2_HomDel
4106,JAK1_HomDel
4107,JAK2_HomDel
4108,JAK3_HomDel
4109,JUN_HomDel
4110,KDM5A_HomDel
4111,KDM5C_HomDel
4112,KDM6A_HomDel
4113,KDR_HomDel
4114,KEAP1_HomDel
4115,KIT_HomDel
4116,KLF4_HomDel
4117,KMT2A_HomDel
4118,KMT2C_HomDel
4119,KMT2D_HomDel
4120,KRAS_HomDel
4121,LATS1_HomDel
4122,LATS2_HomDel
4123,LMO1_HomDel
4124,MAP2K1_HomDel
4125,MAP2K2_HomDel
4126,MAP2K4_HomDel
4127,MAP3K1_HomDel
4128,MAP3K13_HomDel
4129,MAPK1_HomDel
4130,MAX_HomDel
4131,MDC1_HomDel
4132,MDM2_HomDel
4133,MDM4_HomDel
4134,MED12_HomDel
4135,MEF2B_HomDel
4136,MEN1_HomDel
4137,MET_HomDel
4138,MITF_HomDel
4139,MLH1_HomDel
4140,MPL_HomDel
4141,MRE11A_HomDel
4142,MSH2_HomDel
4143,MSH6_HomDel
4144,MTOR_HomDel
4145,MUTYH_HomDel
4146,MYC_HomDel
4147,MYCL1_HomDel
4148,MYCN_HomDel
4149,MYD88_HomDel
4150,MYOD1_HomDel
4151,NBN_HomDel
4152,NCOR1_HomDel
4153,NF1_HomDel
4154,NF2_HomDel
4155,NFE2L2_HomDel
4156,NKX2-1_HomDel
4157,NKX3-1_HomDel
4158,NOTCH1_HomDel
4159,NOTCH2_HomDel
4160,NOTCH3_HomDel
4161,NOTCH4_HomDel
4162,NPM1_HomDel
4163,NRAS_HomDel
4164,NSD1_HomDel
4165,NTRK1_HomDel
4166,NTRK2_HomDel
4167,NTRK3_HomDel
4168,PAK1_HomDel
4169,PAK7_HomDel
4170,PALB2_HomDel
4171,PARK2_HomDel
4172,PARP1_HomDel
4173,PAX5_HomDel
4174,PBRM1_HomDel
4175,PDCD1_HomDel
4176,PDGFRA_HomDel
4177,PDGFRB_HomDel
4178,PHOX2B_HomDel
4179,PIK3C2G_HomDel
4180,PIK3C3_HomDel
4181,PIK3CA_HomDel
4182,PIK3CB_HomDel
4183,PIK3CD_HomDel
4184,PIK3CG_HomDel
4185,PIK3R1_HomDel
4186,PIK3R2_HomDel
4187,PIK3R3_HomDel
4188,PIM1_HomDel
4189,PLK2_HomDel
4190,PMAIP1_HomDel
4191,PMS1_HomDel
4192,PMS2_HomDel
4193,PNRC1_HomDel
4194,POLE_HomDel
4195,PPP2R1A_HomDel
4196,PRDM1_HomDel
4197,PRKAR1A_HomDel
4198,PTCH1_HomDel
4199,PTEN_HomDel
4200,PTPN11_HomDel
4201,PTPRD_HomDel
4202,PTPRS_HomDel
4203,PTPRT_HomDel
4204,RAC1_HomDel
4205,RAD50_HomDel
4206,RAD51_HomDel
4207,RAD51C_HomDel
4208,RAD51L1_HomDel
4209,RAD51L3_HomDel
4210,RAD52_HomDel
4211,RAD54L_HomDel
4212,RAF1_HomDel
4213,RARA_HomDel
4214,RASA1_HomDel
4215,RB1_HomDel
4216,RBM10_HomDel
4217,RECQL4_HomDel
4218,REL_HomDel
4219,RET_HomDel
4220,RFWD2_HomDel
4221,RHOA_HomDel
4222,RICTOR_HomDel
4223,RIT1_HomDel
4224,RNF43_HomDel
4225,ROS1_HomDel
4226,RPS6KA4_HomDel
4227,RPS6KB2_HomDel
4228,RPTOR_HomDel
4229,RUNX1_HomDel
4230,RYBP_HomDel
4231,SDHA_HomDel
4232,SDHAF2_HomDel
4233,SDHB_HomDel
4234,SDHC_HomDel
4235,SDHD_HomDel
4236,SETD2_HomDel
4237,SF3B1_HomDel
4238,SH2D1A_HomDel
4239,SHQ1_HomDel
4240,SMAD2_HomDel
4241,SMAD3_HomDel
4242,SMAD4_HomDel
4243,SMARCA4_HomDel
4244,SMARCB1_HomDel
4245,SMARCD1_HomDel
4246,SMO_HomDel
4247,SOCS1_HomDel
4248,SOX17_HomDel
4249,SOX2_HomDel
4250,SOX9_HomDel
4251,SPEN_HomDel
4252,SPOP_HomDel
4253,SRC_HomDel
4254,STAG2_HomDel
4255,STK11_HomDel
4256,STK40_HomDel
4257,SUFU_HomDel
4258,SUZ12_HomDel
4259,SYK_HomDel
4260,TBX3_HomDel
4261,TERT_HomDel
4262,TET1_HomDel
4263,TET2_HomDel
4264,TGFBR1_HomDel
4265,TGFBR2_HomDel
4266,TMEM127_HomDel
4267,TMPRSS2_HomDel
4268,TNFAIP3_HomDel
4269,TNFRSF14_HomDel
4270,TOP1_HomDel
4271,TP53_HomDel
4272,TP63_HomDel
4273,TRAF7_HomDel
4274,TSC1_HomDel
4275,TSC2_HomDel
4276,TSHR_HomDel
4277,U2AF1_HomDel
4278,VHL_HomDel
4279,VTCN1_HomDel
4280,WT1_HomDel
4281,XIAP_HomDel
4282,XPO1_HomDel
4283,YAP1_HomDel
4284,YES1_HomDel
4285,Amp_10p
4286,Amp_10q
4287,Amp_11p
4288,Amp_11q
4289,Amp_12p
4290,Amp_12q
4291,Amp_13q
4292,Amp_14q
4293,Amp_15q
4294,Amp_16p
4295,Amp_16q
4296,Amp_17p
4297,Amp_17q
4298,Amp_18p
4299,Amp_18q
4300,Amp_19p
4301,Amp_19q
4302,Amp_1p
4303,Amp_1q
4304,Amp_20p
4305,Amp_20q
4306,Amp_21q
4307,Amp_22q
4308,Amp_2p
4309,Amp_2q
4310,Amp_3p
4311,Amp_3q
4312,Amp_4p
4313,Amp_4q
4314,Amp_5p
4315,Amp_5q
4316,Amp_6p
4317,Amp_6q
4318,Amp_7p
4319,Amp_7q
4320,Amp_8p
4321,Amp_8q
4322,Amp_9p
4323,Amp_9q
4324,Amp_Xp
4325,Amp_Xq
4326,Del_10p
4327,Del_10q
4328,Del_11p
4329,Del_11q
4330,Del_12p
4331,Del_12q
4332,Del_13q
4333,Del_14q
4334,Del_15q
4335,Del_16p
4336,Del_16q
4337,Del_17p
4338,Del_17q
4339,Del_18p
4340,Del_18q
4341,Del_19p
4342,Del_19q
4343,Del_1p
4344,Del_1q
4345,Del_20p
4346,Del_20q
4347,Del_21q
4348,Del_22q
4349,Del_2p
4350,Del_2q
4351,Del_3p
4352,Del_3q
4353,Del_4p
4354,Del_4q
4355,Del_5p
4356,Del_5q
4357,Del_6p
4358,Del_6q
4359,Del_7p
4360,Del_7q
4361,Del_8p
4362,Del_8q
4363,Del_9p
4364,Del_9q
4365,Del_Xp
4366,Del_Xq
4367,CN_Burden
4368,ALK_fusion
4369,BRAF_fusion
4370,EGFR_SV
4371,ETV6_fusion
4372,EWSR1_fusion
4373,FGFR2_fusion
4374,FGFR3_fusion
4375,MET_SV
4376,NTRK1_fusion
4377,NTRK2_fusion
4378,NTRK3_fusion
4379,PAX8_fusion
4380,RET_fusion
4381,ROS1_fusion
4382,TMPRSS2_fusion
4383,Sig_APOBEC
4384,Sig_Age
4385,Sig_BRCA
4386,Sig_MMR
4387,Sig_POLE
4388,Sig_Smoking
4389,Sig_TMZ
4390,Sig_UV
4391,ACAA
4392,ACAC
4393,ACAG
4394,ACAT
4395,ACGA
4396,ACGC
4397,ACGG
4398,ACGT
4399,ACTA
4400,ACTC
4401,ACTG
4402,ACTT
4403,ATAA
4404,ATAC
4405,ATAG
4406,ATAT
4407,ATCA
4408,ATCC
4409,ATCG
4410,ATCT
4411,ATGA
4412,ATGC
4413,ATGG
4414,ATGT
4415,CCAA
4416,CCAC
4417,CCAG
4418,CCAT
4419,CCGA
4420,CCGC
4421,CCGG
4422,CCGT
4423,CCTA
4424,CCTC
4425,CCTG
4426,CCTT
4427,CTAA
4428,CTAC
4429,CTAG
4430,CTAT
4431,CTCA
4432,CTCC
4433,CTCG
4434,CTCT
4435,CTGA
4436,CTGC
4437,CTGG
4438,CTGT
4439,GCAA
4440,GCAC
4441,GCAG
4442,GCAT
4443,GCGA
4444,GCGC
4445,GCGG
4446,GCGT
4447,GCTA
4448,GCTC
4449,GCTG
4450,GCTT
4451,GTAA
4452,GTAC
4453,GTAG
4454,GTAT
4455,GTCA
4456,GTCC
4457,GTCG
4458,GTCT
4459,GTGA
4460,GTGC
4461,GTGG
4462,GTGT
4463,TCAA
4464,TCAC
4465,TCAG
4466,TCAT
4467,TCGA
4468,TCGC
4469,TCGG
4470,TCGT
4471,TCTA
4472,TCTC
4473,TCTG
4474,TCTT
4475,TTAA
4476,TTAC
4477,TTAG
4478,TTAT
4479,TTCA
4480,TTCC
4481,TTCG
4482,TTCT
4483,TTGA
4484,TTGC
4485,TTGG
4486,TTGT
